clinic,Country,Country Code,Continent,City,Location,Lat,Lng,Languages,Review Score,Total Score,Total Reviews,Source,local_currency
nielsen-haarkliniek,Netherlands,NL,Europe,Den Haag,"Straat 5, 5082 DF",52.04392368,4.361475252,"English, Dutch",4.4,5,166,"https://www.google.com/maps/place/Nielsen+Haarkliniek/@52.0437918,4.3610032,17z/data=!4m8!3m7!1s0x47c5b78954f1e479:0xcfd7e21c4f7b4009!8m2!3d52.0437918!4d4.3610032!9m1!1b1!16s%2Fg%2F11h4fj_hzq?entry=ttu&g_ep=EgoyMDI0MTAyMy4wIKXMDSoASAFQAw%3D%3D",EUR
zantman-kliniek,Netherlands,NL,Europe,Rotterdam,"Dorpstraat whatever, 5022 DX",51.92642291,4.460071613,"English, Dutch, Spanish",4.85,5,1569,https://www.klantenvertellen.nl/reviews/1040209/zantman_kliniek,EUR
dr.-acar---cosmedica,Turkey,TR,Asia,Istanbul,"Nisbetiye, Aytar Cad. Başlık Sokak No:3, 34340 Etiler",41.07461422,29.02079708,"English, French, Italian, Spanish, Dutch, Polish, Russian, Portugese",5,5,"2,459",https://www.provenexpert.com/en-us/haartransplantation-istanbul-dr-acar-aus-istanbul/,EUR
elithair,Turkey,TR,Asia,Istanbul,"Hamidiye, Cendere Cad. 103 – 1 T4 Blok, 34408 Kağıthane/İstanbul, Türkiye",41.102882,28.98228261,"English, German, French, Spanish, Italian, Portugese, Arabic",4.6,5,1316,"https://www.google.com/maps/place/Elithair+Transplant/@41.1027618,28.9794799,811m/data=!3m1!1e3!4m6!3m5!1s0x14caa7605d3b0973:0xf5d2f0479d4dda41!8m2!3d41.1027258!4d28.9822116!16s%2Fg%2F11d_xlps43?entry=ttu&g_ep=EgoyMDI0MTIxMS4wIKXMDSoASAFQAw%3D%3D",GBP
sydney-hair-transplant,Australia,AU,Oceania,Sydney,"37/256 Chapel Rd, Bankstown NSW 2200, Australia",-33.92031544,151.0310642,English,3,5,8,"https://www.google.com/maps/place/Sydney+Hair+Transplant/@-33.919906,151.031107,1683m/data=!3m1!1e3!4m6!3m5!1s0x6b12b02e0f67e129:0x14e74c82b09c4302!8m2!3d-33.9204223!4d151.0311286!16s%2Fg%2F11b66c_ztj?hl=en&entry=ttu&g_ep=EgoyMDI0MTAyMy4wIKXMDSoASAFQAw%3D%3D",AUD
hair-transplants-melbourne,Australia,AU,Oceania,Melbourne,"281 Moreland Rd, Coburg VIC 3058",-37.75246171,144.9579024,English,4.6,5,151,"https://www.google.com/maps/place/Hair+Transplants+Melbourne+-+Dr+Paul+Spano+%26+Robinson/@-37.754431,144.957787,102624m/data=!3m1!1e3!4m15!1m8!3m7!1s0x6ad65b55861c0047:0x26d09cb5ea79cf68!2s281+Moreland+Rd,+Coburg+VIC+3058,+Australia!3b1!8m2!3d-37.754431!4d144.9577869!16s%2Fg%2F11bw41d9qn!3m5!1s0x6ad65c8b2c35bb3d:0x1c092ea61433d4f1!8m2!3d-37.7546333!4d144.9575591!16s%2Fg%2F11c6lwsq_y?hl=en&entry=ttu&g_ep=EgoyMDI0MTAyMy4wIKXMDSoASAFQAw%3D%3D",AUD
ashley-and-martin-auckland,New Zeeland,NZ,Oceania,"Auckland, Christchurch, Hamilton, Wellington",,,,English,4.5,5,172,"https://www.google.com/maps/place/Ashley+and+Martin/@-36.8664362,174.7745376,811m/data=!3m2!1e3!4b1!4m6!3m5!1s0x6d0d47fbb3818bff:0x79777812d8613572!8m2!3d-36.8664362!4d174.7771125!16s%2Fg%2F1wn33vvq?entry=ttu&g_ep=EgoyMDI0MTAyOS4wIKXMDSoASAFQAw%3D%3D",NZD
the-knudsen-clinic,New Zeeland,NZ,Oceania,Auckland,"7 Morgan Street, Newmarket, Auckland, 1023",-36.8644075,174.7769356,English,3,5,9,"https://www.google.com/maps/place/The+Knudsen+Clinic+%7C+Auckland/@-36.8645792,174.7744573,811m/data=!3m2!1e3!4b1!4m6!3m5!1s0x6d0d3bcc0b30ee61:0x9a8df9b4b50ed86a!8m2!3d-36.8645792!4d174.7770322!16s%2Fg%2F1tdp56w6?entry=ttu&g_ep=EgoyMDI0MTAyOS4wIKXMDSoASAFQAw%3D%3D",NZD
new-zealand-hair-transplantation-institute,New Zeeland,NZ,Oceania,Auckland,"96B Level 1, Carlton Gore Road, Newmarket, Auckland",-36.8644075,174.7769356,English,5,5,10,"https://www.google.com/maps/place/Gro+Clinics+%7C+Hair+Transplant+%26+Hair+Loss+Treatment+Auckland/@-36.8647819,174.7725271,811m/data=!3m2!1e3!4b1!4m6!3m5!1s0x6d0d4750a79099f9:0x2e01000d2e0b085!8m2!3d-36.8647819!4d174.775102!16s%2Fg%2F11hdnjsfhm?entry=ttu&g_ep=EgoyMDI0MTAyOS4wIKXMDSoASAFQAw%3D%3D",NZD
advanced-hair-studio,New Zeeland,NZ,Oceania,Auckland,"30 Saint Benedicts Street, Eden Terrace, Auckland 1010, New Zealand",-36.86234143,174.7602871,English,3.2,5,29,"https://www.google.com/maps/place/Advanced+Hair+Studio/@-36.8625303,174.7577122,811m/data=!3m2!1e3!4b1!4m6!3m5!1s0x6d0d47c2f8593853:0x3fe91af414f4c851!8m2!3d-36.8625303!4d174.7602871!16s%2Fg%2F1tdkgv71?entry=ttu&g_ep=EgoyMDI0MTAyOS4wIKXMDSoASAFQAw%3D%3D",NZD
o2-clinic,Belgie,BE,Europe,Antwerpen,"Ringlaan 51, 2600 Antwerpen, Belgium",51.1784912,4.429977968,"English, Dutch",4.5,5,33,"https://www.google.com/maps/place/o2+Clinic/@51.1784307,4.4274138,636m/data=!3m2!1e3!4b1!4m6!3m5!1s0x47c3f0cb5d026f57:0x7ad4cf28604855b!8m2!3d51.1784307!4d4.4299887!16s%2Fg%2F11b86h4hyr?entry=ttu&g_ep=EgoyMDI0MTAyOS4wIKXMDSoASAFQAw%3D%3D",EUR
wellness-kliniek,Belgie,BE,Europe,Genk,"Grotestraat 42, 3600 Genk, Belgium",50.96379516,5.495546243,"English, Dutch",4.3,5,729,"https://www.google.com/maps/place/Wellness+Kliniek+Belgium/@50.9636668,5.4928426,639m/data=!3m2!1e3!4b1!4m6!3m5!1s0x47c0ded5a36a793d:0xe4db22f78915fde8!8m2!3d50.9636668!4d5.4954175!16s%2Fg%2F1tdykbys?entry=ttu&g_ep=EgoyMDI0MTIxMS4wIKXMDSoASAFQAw%3D%3D",EUR
nationaal-huid-centrum,Nederland,NL,Europe,Naarden,"Naarderpoort 2A, 1411 MA Naarden",52.2885578,5.170199911,Dutch,4.2,5,61,"https://www.google.com/maps/place/Nationaal+Huidcentrum/@52.2884396,5.1653612,620m/data=!3m2!1e3!4b1!4m6!3m5!1s0x47c613643793c3bb:0x6f667365682e5af9!8m2!3d52.2884397!4d5.1702321!16s%2Fg%2F1tdfmgf6?entry=ttu&g_ep=EgoyMDI0MTIxMS4wIKXMDSoASAFQAw%3D%3D",EUR
beauclinic,Nederland,NL,Europe,Nieuwegein,"Wiersedreef 30, 3433 ZX Nieuwegein",52.01319256,5.099657254,Dutch,4.9,5,197,"https://www.google.com/maps/place/Beauclinic/@52.0130737,5.0947971,624m/data=!3m2!1e3!4b1!4m6!3m5!1s0x47c664139343696b:0x2f8f7eaf8caebd01!8m2!3d52.0130738!4d5.099668!16s%2Fg%2F11bwkf48s8?entry=ttu&g_ep=EgoyMDI0MTIxMS4wIKXMDSoASAFQAw%3D%3D",EUR
forhair,South Korea,KR,Asia,Seoul,"South Korea, KR 서울특별시 강남구 논현로 857 A857빌딩 2층",37.52556267,127.0281089,"English, Korean",4.5,5,41,"https://www.google.com/maps/place/FORHAIR+Hair+Transplant+Korea/@37.525401,127.0232809,804m/data=!3m2!1e3!4b1!4m6!3m5!1s0x357ca392400c02e1:0xe1298c4ddbaf52fd!8m2!3d37.5254011!4d127.0281518!16s%2Fg%2F1tdxhtd5?entry=ttu&g_ep=EgoyMDI0MTIxMS4wIKXMDSoASAFQAw%3D%3D",KRW
shin-medical,South Korea,KR,Asia,Seoul,"테헤란로 128 성곡빌딩 3층 323호, Gangnam District, Seoul, South Korea",37.49924469,127.0325994,"English, Korean",5,5,9,"https://www.google.com/maps/place/Shin+Medical/@37.4990915,127.030003,805m/data=!3m2!1e3!4b1!4m6!3m5!1s0x357ca1e79c6ff3af:0x8e54fc5d33bcf7b6!8m2!3d37.4990915!4d127.0325779!16s%2Fg%2F11j5dyvmjn?entry=ttu&g_ep=EgoyMDI0MTIxMS4wIKXMDSoASAFQAw%3D%3D",KRW
shinwa-clinic,Japan,JP,Asia,Tokyo,"Japan, 〒104-0061 Tokyo, Chuo City, Ginza, 7 Chome−3−7 3階",35.6704896,139.7606555,"English, Japanese, Mandarin",5,5,9,"https://www.google.com/maps/place/Shinwakurinikku+Ginzain/@35.6702717,139.7557524,824m/data=!3m3!1e3!4b1!5s0x60188bef2e95939b:0x8f2bd4a0d3f24b57!4m6!3m5!1s0x60188b5ebe5cef17:0xc6f782b4d61737c7!8m2!3d35.6702718!4d139.7606233!16s%2Fg%2F11t71gb3nk?entry=ttu&g_ep=EgoyMDI0MTIxMS4wIKXMDSoASAFQAw%3D%3D",JPY
taiwan-hair-transplant-clinic,"China, Taiwan",TW,Asia,Taipei City,"8F., No. 21, Sec. 3, Nanjing E. Rd., Taipei City , Taiwan",25.06110632,121.5874014,"English, Mandarin, Japanese, Cantonese",,,,"https://www.google.com/maps/place/No.+3,+Lane+451,+Section+6,+Nanjingdong+Road,+Neihu+District,+Taipei+City,+Taiwan+114/@25.0609313,121.5825412,919m/data=!3m2!1e3!4b1!4m10!1m2!2m1!1s8F.,+No.+21,+Sec.+3,+Nanjing+E.+Rd.,+Taipei+City+,+Taiwan!3m6!1s0x3442ab7e63ca837d:0x36cf1b7854fcac40!8m2!3d25.0609314!4d121.5874121!15sCjk4Ri4sIE5vLiAyMSwgU2VjLiAzLCBOYW5qaW5nIEUuIFJkLiwgVGFpcGVpIENpdHkgLCBUYWl3YW6SARBnZW9jb2RlZF9hZGRyZXNz4AEA!16s%2Fg%2F11hcx7y283?entry=ttu&g_ep=EgoyMDI0MTIxMS4wIKXMDSoASAFQAw%3D%3D",
koher-medical,United States,US,North America,High Point,"845 Sir Thomas Ct Suite 4, Harrisburg, PA 17109, United States",40.28263627,-76.82075518,English,4.9,5,28,"https://www.google.com/maps/place/Koher+Medical+Hair+Restoration+Center/@40.2824235,-76.8232657,774m/data=!3m3!1e3!4b1!5s0x89c8bf54a2ff5043:0x7e7acd69c006fd0!4m6!3m5!1s0x89c8c7a7fae7393f:0x6870a21eda1b281!8m2!3d40.2824235!4d-76.8206908!16s%2Fg%2F1tdchbcp?entry=ttu&g_ep=EgoyMDI1MDEwOC4wIKXMDSoASAFQAw%3D%3D",USD
medi-teknia,Spain,ES,Europe,Las Palmas,"Av. Alcalde José Ramirez Bethencourt, 20, 35004 Las Palmas de Gran Canaria, Las Palmas, Spain",28.11882233,-15.42132967,Spanish,4.9,5,121,"https://www.google.com/maps/place/Mediteknia/@28.1186331,-15.4239904,894m/data=!3m2!1e3!4b1!4m6!3m5!1s0xc40959c3dc1c8d9:0x2528f33a5bcdf175!8m2!3d28.1186331!4d-15.4214155!16s%2Fg%2F11c1qxkjgg?entry=ttu&g_ep=EgoyMDI1MDEwOC4wIKXMDSoASAFQAw%3D%3D",EUR
asian-hair-restoriation-center,Philippines,PH,Asia,Manila,"L18, 1804, One San Miguel Building, San Miguel Avenue Corner Shaw Boulevard, Ortigas Center, Pasig, Metro Manila, Philippines",14.57813162,121.057911,"Taigalo, English",4.3,5,11,"https://www.google.com/maps/place/Asian+Hair+Restoration+Center+Philippines/@14.578528,121.0543637,2117m/data=!3m1!1e3!4m6!3m5!1s0x3397c86ab857d245:0xfc45375559c8f11e!8m2!3d14.5779032!4d121.0578574!16s%2Fg%2F1hhxdd9rh?entry=ttu&g_ep=EgoyMDI1MDEwOC4wIKXMDSoASAFQAw%3D%3D",PHP
direct-hair-implentation,Austria,AT,Europe,Vienna,"Rahlgasse 1/11, 1060 Wien, Austria",48.20147967,16.36152743,"German, English",4.8,5,19,"https://www.google.com/maps/place/DHI+Vienna/@48.2048262,16.3586521,1352m/data=!3m2!1e3!5s0x476d0785362e0f11:0x4dcdfcded80f704e!4m10!1m2!2m1!1sDirect+Hair+IMplementation+Vienna!3m6!1s0x476d0785499c0001:0xa7d1a931cf12f945!8m2!3d48.2012244!4d16.361548!15sCiFEaXJlY3QgSGFpciBJTXBsZW1lbnRhdGlvbiBWaWVubmGSARtoYWlyX3RyYW5zcGxhbnRhdGlvbl9jbGluaWPgAQA!16s%2Fg%2F11j7k0z4sj?entry=ttu&g_ep=EgoyMDI1MDEwOC4wIKXMDSoASAFQAw%3D%3D",EUR
moser-medical,Austria,AT,Europe,Vienna,"Löfflergasse 14, 1130 Wien, Austria",48.17726957,16.26889039,"German, English, Italian",4.9,5,191,"https://www.google.com/maps/place/Moser+Medical+Group+kosmetische+Haarchirurgie+GmbH/@48.1757357,16.2536838,4027m/data=!3m1!1e3!4m6!3m5!1s0x476da7b9adda05e9:0x5285f16404e50b88!8m2!3d48.1762321!4d16.269284!16s%2Fg%2F1tdmj8kl?entry=ttu&g_ep=EgoyMDI1MDEwOC4wIKXMDSoASAFQAw%3D%3D",EUR
bhr-clinic,Belgium,BE,Europe,Brussels,"200 Chaussée de Waterloo Rhode Saint Genèse, 1640 Brussel, Belgium",50.74637689,4.394302599,"French, English, German, Polish, Swedish",4.2,5,26,"https://www.google.com/maps/place/BHR+Clinic+(Bisanga+Hair+Restoration)/@50.7462683,4.3916526,642m/data=!3m2!1e3!4b1!4m6!3m5!1s0x47c3c45f4c5df96f:0x969c2bd57d58c0ad!8m2!3d50.7462683!4d4.3942275!16s%2Fg%2F1tglggyc?entry=ttu&g_ep=EgoyMDI1MDEwOC4wIKXMDSoASAFQAw%3D%3D",EUR
hair-transplant-surgery,Belgium,BE,Europe,Brussels,"Av. de Tervueren 36, 1040 Bruxelles, Belgium",50.83935278,4.400802268,"French, English, Spanish, German, Italian",5,5,6,"https://www.google.com/maps/place/Hair+Transplant+Surgery+Clinic+-+Greffe+de+Cheveux/@50.8392444,4.3982381,640m/data=!3m2!1e3!4b1!4m6!3m5!1s0x47c3c4ae98d5dc2b:0xd27b8e4d61faa89f!8m2!3d50.8392444!4d4.400813!16s%2Fg%2F1jgm5x9fy?entry=ttu&g_ep=EgoyMDI1MDEwOC4wIKXMDSoASAFQAw%3D%3D",EUR
my-world-hair-transplant-center,Belgium,BE,Europe,Brussels,"Rue Defacqz 73, 1060 Brussels, Belgium",50.82734404,4.357798113,"French, English, Spanish, German",4.7,5,19,"https://www.google.com/maps/place/MY+WORLD+HAIR+TRANSPLANT+CENTER/@50.8271882,4.3551803,641m/data=!3m2!1e3!4b1!4m6!3m5!1s0x47c3c48acde0cf43:0x41bef3fd2805ad99!8m2!3d50.8271882!4d4.3577552!16s%2Fg%2F11bzx37bzd?entry=ttu&g_ep=EgoyMDI1MDEwOC4wIKXMDSoASAFQAw%3D%3D",EUR
feriduni,Belgium,BE,Europe,Hasselt,"Prins-Bisschopssingel 34/2, 3500 Hasselt, Belgium",50.91466253,5.345067389,"French, English, Spanish, German, Italian, Dutch, Arabic",4.5,5,23,"https://www.google.com/maps/place/Dr.+Feriduni+Hair+Clinic/@50.9146138,5.3437825,354m/data=!3m1!1e3!4m6!3m5!1s0x47c12192440b9ae7:0x736a3ad087752cfd!8m2!3d50.9145927!4d5.3450811!16s%2Fg%2F1hc4lpmyn?entry=ttu&g_ep=EgoyMDI1MDEwOC4wIKXMDSoASAFQAw%3D%3D",EUR
shin-medical,Belgium,BE,Europe,Brussels,"Av. Brugmann 263, 1180 Bruxelles, Belgium",50.81316573,4.347220482,"French, German, Italian, Spanish",4.5,5,22,"https://www.google.com/maps/place/Medikemos+Hair+Transplantation/@50.8130234,4.3446885,641m/data=!3m2!1e3!4b1!4m6!3m5!1s0x47c3c456b5e2ba8b:0x449d0a2d3dad824f!8m2!3d50.8130234!4d4.3472634!16s%2Fg%2F1hc3x8gqh?entry=ttu&g_ep=EgoyMDI1MDEwOC4wIKXMDSoASAFQAw%3D%3D",EUR
poliklinika-pantovcak-hair-clinic,Croatia,HR,Europe,Zagreb,"Pantovčak 38A, 10000, Zagreb, Croatia",45.8162212,15.96170124,"English, Italian, Croatian, Slovakian",4,5,47,"https://www.google.com/maps/place/Poliklinika+Pantov%C4%8Dak+Hair+Clinic/@45.8187795,15.9557048,1846m/data=!3m1!1e3!4m10!1m2!2m1!1spoliklinika+near+Pantov%C4%8Dak,+Zagreb,+Croatia!3m6!1s0x4765d6e03f225e03:0xe05b8b7c2f7485e9!8m2!3d45.8157951!4d15.9617111!15sCixwb2xpa2xpbmlrYSBuZWFyIFBhbnRvdsSNYWssIFphZ3JlYiwgQ3JvYXRpYZIBG2hhaXJfdHJhbnNwbGFudGF0aW9uX2NsaW5pY-ABAA!16s%2Fg%2F1tdmz952?entry=ttu&g_ep=EgoyMDI1MDEwOC4wIKXMDSoASAFQAw%3D%3D",EUR
maletic,Croatia,HR,Europe,Zagreb,"Trg kralja Tomislava 1, 43500, Daruvar, Croatia",45.5933369,17.2233445,"English, German, Croatian, Slovakian",4.9,5,53,"https://www.google.com/maps/place/Plastic+Surgery+Maletic/@45.5932093,17.2207696,710m/data=!3m2!1e3!4b1!4m6!3m5!1s0x476798b3c16f69d3:0x865492159ab891f4!8m2!3d45.5932093!4d17.2233445!16s%2Fg%2F1w0hzdhn?entry=ttu&g_ep=EgoyMDI1MDEwOC4wIKXMDSoASAFQAw%3D%3D",EUR
hdc-hair-clinic,Cyprus,CY,Europe,Nicosia,"Protagorou 6 1045, Nicosia 1045, Cyprus",35.16968819,33.37245735,"English, Spanish, Italian, Polish, Greek, Russian, Romanian",4.3,5,58,"https://www.google.com/maps/place/HDC+Hair+Transplant+Clinic/@35.1694865,33.369861,829m/data=!3m2!1e3!4b1!4m6!3m5!1s0x14de176873413f73:0xd7f301396def3d60!8m2!3d35.1694865!4d33.3724359!16s%2Fg%2F1hhkmlq1r?entry=ttu&g_ep=EgoyMDI1MDEwOC4wIKXMDSoASAFQAw%3D%3D",EUR
advanced-hair-clinics,Cyprus,CY,Europe,Limassol,"Oasis Center Gladstonos &, Georgiou Karaiskaki 21, Limassol 3032, Cyprus",34.68270192,33.0473766,"English, Greek, German, French, Russian",5,5,425,"https://www.google.com/maps/place/Advanced+Hair+Clinics/@34.682499,33.0448017,834m/data=!3m2!1e3!4b1!4m6!3m5!1s0x14e7331445955555:0xb5c3e7168931919a!8m2!3d34.682499!4d33.0473766!16s%2Fg%2F11ggtfr9dv?entry=ttu&g_ep=EgoyMDI1MDEwOC4wIKXMDSoASAFQAw%3D%3D",EUR
advanced-hair-clinics,Greece,GR,Europe,Athens,"Kon/nou Ventiri 5, Athina 115 28, Greece",37.97696256,23.75119443,"English, Greek, German, French, Russian",4.8,5,497,"https://www.google.com/maps/place/Advanced+Hair+Clinics/@37.9767765,23.7512588,17z/data=!3m1!4b1!4m6!3m5!1s0x14a1bd452d7302bd:0x3722aba8b620a7c2!8m2!3d37.9767765!4d23.7512588!16s%2Fg%2F11b7q94_77?hl=en&entry=ttu&g_ep=EgoyMDI1MDEwOC4wIKXMDSoASAFQAw%3D%3D",EUR
advanced-hair-clinics,Greece,GR,Europe,Athens,"Leof. Dimarchou Aggelou Metaxa 39, Glifada 166 74, Greece",37.86056934,23.7546641,"English, Greek, German, French, Russian",5,5,151,"https://www.google.com/maps/place/Advanced+Hair+Clinics/@37.8604084,23.7524003,17z/data=!3m1!4b1!4m5!3m4!1s0x14a1bfd101cff9ef:0x60b99f8f7ba2993e!8m2!3d37.8604084!4d23.754589?shorturl=1",EUR
advanced-hair-clinics,Greece,GR,Europe,Athens,"Agiou Konstantinou 13, Pireas 185 32, Greece",37.94816137,23.64788022,"English, Greek, German, French, Russian",4.9,5,202,"https://www.google.com/maps/place/Advanced+Hair+Clinics/@37.9432668,23.6458276,17z/data=!3m1!4b1!4m5!3m4!1s0x14a1bb9838c6f995:0x38c148b1ac2ddb07!8m2!3d37.943252!4d23.6480036?shorturl=1",EUR
advanced-hair-clinics,Greece,GR,Europe,Athens,"Leof. Kifisias 252Α, Kifisia 145 62, Greece",37.94608496,23.64897735,"English, Greek, German, French, Russian",5,5,339,"https://www.google.com/maps/place/Advanced+Hair+Clinics/@38.0745251,23.8103278,17z/data=!3m1!4b1!4m5!3m4!1s0x14a19edfea7b07e5:0xceac6e87941a6274!8m2!3d38.0745251!4d23.8125165?shorturl=1",EUR
advanced-hair-clinics,Greece,GR,Europe,Athens,"Leof. Panagi Tsaldari 16, Peristeri 121 34, Greece",38.01204993,23.69702978,"English, Greek, German, French, Russian",5,5,267,"https://www.google.com/maps/place/Advanced+Hair+Clinics/@38.0119654,23.6968152,17z/data=!3m1!4b1!4m6!3m5!1s0x14a1a3021fcb8b45:0xe26ab2db5ee519f8!8m2!3d38.0119654!4d23.6968152!16s%2Fg%2F11h28bmkkj?entry=ttu&g_ep=EgoyMDI1MDEwOC4wIKXMDSoASAFQAw%3D%3D",EUR
advanced-hair-clinics,Greece,GR,Europe,Thessaloniki,"Tsimiski 17, Thessaloniki 546 24, Greece",40.6348214,22.93974982,"English, Greek, German, French, Russian",4.9,5,350,"https://www.google.com/maps/place/Advanced+Hair+Clinics/@40.6347237,22.9375182,17z/data=!3m1!4b1!4m5!3m4!1s0x14a83908384ee553:0x127d8a2b8c987b45!8m2!3d40.6347397!4d22.9397218?shorturl=1",EUR
advanced-hair-clinics,Greece,GR,Europe,Rhodes,"Ethnarchou Makariou 28, Rodos 851 00, Greece",36.44903701,28.22384671,"English, Greek, German, French, Russian",5,5,291,"https://www.google.com/maps/place/Advanced+Hair+Clinics/@36.4488946,28.2216902,17z/data=!3m1!4b1!4m5!3m4!1s0x149561e603082df7:0xb1da6f44f9d192f0!8m2!3d36.4488903!4d28.2238789?shorturl=1",EUR
advanced-hair-clinics,Greece,GR,Europe,Larissa,"Ρούσβελτ 2 &, Kiprou, Larisa 412 22, Greece",39.63893093,22.41748212,"English, Greek, German, French, Russian",4.9,5,111,"https://www.google.com/maps/place/Advanced+Hair+Clinics/@39.6389309,22.4177503,17z/data=!3m1!4b1!4m5!3m4!1s0x13588994b2f77d41:0x3c7787b885bc7c0f!8m2!3d39.6389309!4d22.419939?shorturl=1",EUR
advanced-hair-clinics,Greece,GR,Europe,Ioannina,"Poutetsi 9, Ioannina 453 32, Greece",39.66600868,20.85105551,"English, Greek, German, French, Russian",5,5,193,"https://www.google.com/maps/place/Advanced+Hair+Clinics/@39.6658848,20.8489741,17z/data=!3m1!4b1!4m5!3m4!1s0x135be98a97d56765:0x8942cc8d32e10807!8m2!3d39.6658848!4d20.8511628?shorturl=1",EUR
advanced-hair-clinics,Greece,GR,Europe,Patras,"Riga Fereou 93-97, Patra 262 21, Greece",38.24723687,21.73460818,"English, Greek, German, French, Russian",5,5,256,"https://www.google.com/maps/place/Advanced+Hair+Clinics/@38.2470178,21.7324624,17z/data=!3m1!4b1!4m5!3m4!1s0x135e49dce4da0069:0xd5dde3717a487b29!8m2!3d38.2470178!4d21.7346511?shorturl=1",EUR
advanced-hair-clinics,Greece,GR,Europe,Heraklion,"Λασιθίου 27 &, Pl. Kornarou, Iraklio 712 01, Greece",35.33614567,25.13284749,"English, Greek, German, French, Russian",4.9,5,255,"https://www.google.com/maps/place/Advanced+Hair+Clinics/@35.3362507,25.1328153,17z/data=!4m5!3m4!1s0x149a5b1c4b88d31d:0xe12d8291bf62b0e5!8m2!3d35.3361984!4d25.1328796?shorturl=1",EUR
advanced-hair-clinics,Greece,GR,Europe,Agrinio,"Ilia Ilioi 10, Agrinio 301 31, Greece",38.62504054,21.40791807,"English, Greek, German, French, Russian",5,5,2,"https://www.google.com/maps/place/Advanced+Hair+Clinics/@38.6249651,21.4078537,17z/data=!3m1!4b1!4m6!3m5!1s0x135e8bb826036c33:0x2ee77bba7e45fefc!8m2!3d38.6249651!4d21.4078537!16s%2Fg%2F11rx47srxs?hl=en&entry=tts",EUR
advanced-hair-clinics,Greece,GR,Europe,Kalamata,"Aristomenous 79 - 81, Kalamata 241 00, Greece",37.03567369,22.11091709,"English, Greek, German, French, Russian",5,5,25,"https://www.google.com/maps/place/Advanced+Hair+Clinics/@37.0355024,22.1108849,17z/data=!3m1!4b1!4m6!3m5!1s0x1361b19ed7f72cff:0x1d1c8fc6dc809b61!8m2!3d37.0355024!4d22.1108849!16s%2Fg%2F11sdxjzw3n?entry=ttu&g_ep=EgoyMDI1MDEwOC4wIKXMDSoASAFQAw%3D%3D",EUR
advanced-hair-clinics,Cyprus,CY,Europe,Nicosia,"28th October 1, Egkomi 2414, Cyprus",35.16526487,33.31831619,"English, Greek, German, French, Russian",5,5,321,"https://www.google.com/maps/place/Advanced+Hair+Clinics/@35.165107,33.3160953,17z/data=!3m1!4b1!4m5!3m4!1s0x14de1b01c9771281:0xb251a35678f55665!8m2!3d35.165107!4d33.318284?shorturl=1",EUR
medartclinic,Greece,GR,Europe,Athens,"Leof. Kifisias 118Β, Μενεμένη 115 26, Greece",37.99496547,23.76796613,"English, Greek, Russian",5,5,1,"https://www.google.com/maps/place/medartclinic/@37.9947203,23.7653805,799m/data=!3m2!1e3!4b1!4m15!1m7!3m6!1s0x14a198061906adbb:0x69ecb8f6559c6c30!2smedartclinic!8m2!3d37.9947203!4d23.7679554!16s%2Fg%2F11hbv7z41r!3m6!1s0x14a198061906adbb:0x69ecb8f6559c6c30!8m2!3d37.9947203!4d23.7679554!15sChlodHRwczovL21lZGFydGNsaW5pYy5jb20vkgEbaGFpcl90cmFuc3BsYW50YXRpb25fY2xpbmlj4AEA!16s%2Fg%2F11hbv7z41r?entry=ttu&g_ep=EgoyMDI1MDEwOC4wIKXMDSoASAFQAw%3D%3D",EUR
medartclinic,Cyprus,CY,Europe,Limassol,"Agias Filaxeos 67, Limassol 3025, Cyprus",34.68659107,33.03737478,"English, Greek, Russian",4.7,5,13,"https://www.google.com/maps/place/Dr+Konstantinos+Dionysiou/@34.6864323,33.0346926,834m/data=!3m2!1e3!4b1!4m6!3m5!1s0x14e733090dae92ff:0x23e2dc1095fdb2fd!8m2!3d34.6864323!4d33.0372675!16s%2Fg%2F11xgyvh3w?entry=ttu&g_ep=EgoyMDI1MDEwOC4wIKXMDSoASAFQAw%3D%3D",EUR
pilorum,Denmark,DK,Europe,Copenhagen,"Dantes Plads 4, st.tv, 1556 Indre By, Denmark",55.67391202,12.57317662,"Danish, Swedish",4.8,5,183,"https://www.google.com/maps/place/Pilorum/@55.673785,12.5706661,572m/data=!3m2!1e3!4b1!4m6!3m5!1s0x46525209676792fb:0x7c71c803fb02e7c!8m2!3d55.673785!4d12.573241!16s%2Fg%2F11dxrxz0pp?entry=ttu&g_ep=EgoyMDI1MDEwOC4wIKXMDSoASAFQAw%3D%3D",EUR
pilorum,Denmark,DK,Europe,Aarhus,"Skolebakken 7, 8000 Aarhus, Denmark",56.15754555,10.21278841,"Danish, Swedish",4.8,5,25,"https://www.google.com/maps/place/Pilorum+Aarhus/@56.1574201,10.2101706,565m/data=!3m2!1e3!4b1!4m6!3m5!1s0x464c3fbb2437a60f:0x39986ceb64c3d6ec!8m2!3d56.1574201!4d10.2127455!16s%2Fg%2F11ty6pf2yk?entry=ttu&g_ep=EgoyMDI1MDEwOC4wIKXMDSoASAFQAw%3D%3D",EUR
pilorum,Denmark,DK,Europe,Odense,"Nørregade 43C, 5000 Odense, Denmark",55.39890715,10.38814914,"Danish, Swedish",4.8,5,77,"https://www.google.com/maps/place/Pilorum+Odense/@55.3988036,10.3855206,576m/data=!3m2!1e3!4b1!4m6!3m5!1s0x464cdff8c33f69f7:0x26b5d164939ad3b3!8m2!3d55.3988036!4d10.3880955!16s%2Fg%2F11rj63mh0l?entry=ttu&g_ep=EgoyMDI1MDEwOC4wIKXMDSoASAFQAw%3D%3D",DKK
alfa-omega-klinikken,Denmark,DK,Europe,Copenhagen,"Højbro Pl. 21, 1200 København, Denmark",55.67816511,12.58041891,Danish,4.3,5,24,"https://www.google.com/maps/place/Alfa+Omega+Klinikken+ApS/@55.678026,12.5778011,572m/data=!3m2!1e3!4b1!4m6!3m5!1s0x46525316defecdb5:0x977f3846ca3651fa!8m2!3d55.678026!4d12.580376!16s%2Fg%2F11xx8h67z?entry=ttu&g_ep=EgoyMDI1MDEwOC4wIKXMDSoASAFQAw%3D%3D",DKK
nordic-medical-center,Estland,EE,Europe,Haabneeme,"Kaluri tee 5a, Haabneeme, 74001 Harju maakond, Estonia",59.51038843,24.82843592,Estonian,4,5,1,"https://www.google.com/maps/place/Nordic+Medical+Center+O%C3%9C/@59.5080146,24.8186226,5473m/data=!3m1!1e3!4m10!1m2!2m1!1sNordic+Medical+Center+KADRIORU+KLIINIK++J.+Vilmsi+41,+mtr2,+10115,+Kadriorg,+Eesti!3m6!1s0x46929299106347a5:0x28d64a503c098cf!8m2!3d59.5093416!4d24.8278629!15sClJOb3JkaWMgTWVkaWNhbCBDZW50ZXIgS0FEUklPUlUgS0xJSU5JSyAgSi4gVmlsbXNpIDQxLCBtdHIyLCAxMDExNSwgS2FkcmlvcmcsIEVlc3RpkgEObWVkaWNhbF9jbGluaWPgAQA!16s%2Fg%2F11b6h_yrhf?entry=ttu&g_ep=EgoyMDI1MDEwOC4wIKXMDSoASAFQAw%3D%3D",
helsinki-clinic,Finland,FI,Europe,Helsinki,"Merisotilaantori, 00160 Helsinki, Finland",60.16828122,24.97558173,Finish,4,5,8,"https://www.google.com/maps/place/Helsinki+Clinic/@60.1681745,24.9729746,504m/data=!3m1!1e3!4m10!1m2!2m1!1sHelsinkii+Clinic+Merisotilaantori+3!3m6!1s0x46920bdd3b501c19:0xf5bf6822d410d224!8m2!3d60.1681842!4d24.9755693!15sCiJIZWxzaW5raSBDbGluaWMgTWVyaXNvdGlsYWFudG9yaSAzkgEWcGxhc3RpY19zdXJnZXJ5X2NsaW5pY-ABAA!16s%2Fg%2F11fmwvmkhf?entry=ttu&g_ep=EgoyMDI1MDEwOC4wIKXMDSoASAFQAw%3D%3D",
tsilosani-clinic,Georgia,GE,Europe,Tbilisi,"1 Mikheil Chiaureli Ln, Tbilisi 0160, Georgia",41.77521553,44.7729283,"Georgian, English, Russian",5,5,100,"https://www.google.com/maps/place/Tsilosani+Hair+Transplantation+Institute/@41.773696,44.773206,1513m/data=!3m1!1e3!4m6!3m5!1s0x40446d773159d97d:0x956fa5505f6e76c0!8m2!3d41.7736955!4d44.7732059!16s%2Fg%2F11fpjr1y3s?hl=en&entry=ttu&g_ep=EgoyMDI1MDEwOC4wIKXMDSoASAFQAw%3D%3D",
talizi,Georgia,GE,Europe,Tbilisi,"Talizi, 27 Tashkenti St, Tbilisi, Georgia",41.72929838,44.76393074,"Georgian, English, Russian",4.9,5,212,"https://www.google.com/maps/place/Talizi+Hair+Transplantation+Clinic/@41.7286932,44.7585157,1845m/data=!3m1!1e3!4m6!3m5!1s0x404472e0e0442857:0xea006520149a9fa0!8m2!3d41.7289811!4d44.763683!16s%2Fg%2F1td4n5g4?entry=ttu&g_ep=EgoyMDI1MDEwOC4wIKXMDSoASAFQAw%3D%3D",
hairline-international,Georgia,GE,Europe,Tbilisi,"46, მ. კოსტავას 46, str Merab Kostava St, Tbilisi, Georgia",41.70991985,44.78435958,"Georgian, English, Russian",4.5,5,66,"https://www.google.com/maps/place/Hairline+Int./@41.7097677,44.7818276,757m/data=!3m2!1e3!4b1!4m6!3m5!1s0x4044730d871689a3:0x516782e008981224!8m2!3d41.7097677!4d44.7844025!16s%2Fg%2F11b7f_hj6d?entry=ttu&g_ep=EgoyMDI1MDEwOC4wIKXMDSoASAFQAw%3D%3D",
haroj,France,FR,Europe,Mulhouse,"2 rue Sainte-Catherine BATIMENT A - RDC, 68100 Mulhouse, France",47.74281471,7.339228729,"French, English",5,5,1,"https://www.google.com/maps/place/Haroj+clinic/@47.7426127,7.339218,682m/data=!3m2!1e3!4b1!4m6!3m5!1s0x47919bd760631ced:0xaded1e08dfc9b9c9!8m2!3d47.7426127!4d7.339218!16s%2Fg%2F11jx2n7qg5?entry=ttu&g_ep=EgoyMDI1MDExMC4wIKXMDSoASAFQAw%3D%3D",EUR
maison-lutetia,France,FR,Europe,Paris,"6 Rue Ampère, 75017 Paris, France",48.88552577,2.30611894,"French, English",4.7,5,921,"https://www.google.com/maps/place/Maison+Lut%C3%A9tia+Paris/@48.8853847,2.3035655,667m/data=!3m2!1e3!4b1!4m6!3m5!1s0x47e66ff623f3cecd:0x80f218871a6c4140!8m2!3d48.8853847!4d2.3061404!16s%2Fg%2F11btlv1mkx?entry=ttu&g_ep=EgoyMDI1MDExMC4wIKXMDSoASAFQAw%3D%3D",EUR
clinique-rivoli-massena,France,FR,Europe,Strasbourg,"41 All. de la Robertsau, 67000 Strasbourg, France",48.58936033,7.766123542,French,4.7,5,215,"https://www.google.com/maps/place/Clinique+Rivoli+Massena+-+M%C3%A9decine+Esth%C3%A9tique+-+Epilation+Laser+d%C3%A9finitive+-+Greffe+de+cheveux/@48.5892184,7.766145,671m/data=!3m2!1e3!4b1!4m6!3m5!1s0x4796c91367d7b9b3:0x59f0dedde2ecbed2!8m2!3d48.5892184!4d7.766145!16s%2Fg%2F11qmrrly07?entry=ttu&g_ep=EgoyMDI1MDExMC4wIKXMDSoASAFQAw%3D%3D",EUR
capclinic,France,FR,Europe,Marseille,"18 Rue Negresko, 13008 Marseille, France",43.27002946,5.390832602,French,4.8,5,46,https://www.google.com/maps/place/Cap'+Clinic/data=!4m2!3m1!1s0x0:0xbcb994fd3442475b?sa=X&ved=1t:2428&ictx=111,EUR
clinique-eiffel,France,FR,Europe,Paris,"6 Sq. Pétrarque, 75116 Paris, France",48.86149556,2.28213747,French,4.6,5,355,"https://www.google.com/maps/place/Clinique+Eiffel+Paris+-+Chirurgie+et+m%C3%A9decine+esth%C3%A9tique+pr%C3%A8s+du+Trocad%C3%A9ro/@48.8613756,2.2794982,667m/data=!3m2!1e3!4b1!4m6!3m5!1s0x47e66ffebce43b09:0xfb33acd7fcbc04f8!8m2!3d48.8613756!4d2.2820731!16s%2Fg%2F1tds601x?entry=ttu&g_ep=EgoyMDI1MDExMC4wIKXMDSoASAFQAw%3D%3D",EUR
doctor-and-co,France,FR,Europe,Paris,"56 Rue Michel Ange, 75016 Paris, France",48.84399741,2.260491243,French,4.9,5,221,"https://www.google.com/maps/place/Doctor+and+Co+-+M%C3%A9decine+esth%C3%A9tique+-+Greffe+de+cheveux+-+%C3%89pilation+laser+-+D%C3%A9tatouage+laser+Pico/@48.8438068,2.2577876,667m/data=!3m2!1e3!4b1!4m6!3m5!1s0x47e67bd27dffad89:0x2a28d51c13b7649!8m2!3d48.8438068!4d2.2603625!16s%2Fg%2F11h70v6vjj?entry=ttu&g_ep=EgoyMDI1MDExMC4wIKXMDSoASAFQAw%3D%3D",EUR
clinique-du-palais,France,FR,Europe,Marseille,"25 Cr Pierre Puget, 13006 Marseille, France",43.29032073,5.376050858,French,5,5,20,https://www.google.com/maps/place//data=!4m2!3m1!1s0x12c9c10025a50d45:0x61ec8552fd785cea?sa=X&ved=1t:8290&ictx=111,EUR
easygreffe,France,FR,Europe,Paris,"17 Rue de la Pompe, 75116 Paris, France",48.8599244,2.274957287,French,3.5,5,2,"https://www.google.com/maps/place/Easygreffe+Paris/@48.8598044,2.2749251,667m/data=!3m2!1e3!4b1!4m6!3m5!1s0x47e66591767db337:0xe7ebf6ca4d0a6603!8m2!3d48.8598044!4d2.2749251!16s%2Fg%2F11s3qc2121?entry=ttu&g_ep=EgoyMDI1MDExMC4wIKXMDSoASAFQAw%3D%3D",EUR
drbodnar,France,FR,Europe,Toulouse,"25 Rue d'Alsace Lorraine, 31000 Toulouse, France",43.60233477,1.445533813,French,4.7,5,491,https://www.google.com/maps/place/Martial+Bodnar+-+Surgeon/data=!4m2!3m1!1s0x0:0x3fd8585c5f0360f1?sa=X&ved=1t:2428&ictx=111,EUR
medicine-esthetique-rouen,France,FR,Europe,Rouen,"6 Pl. de la République, 76000 Rouen, France",49.43785997,1.096644085,French,,5,,"https://www.google.com/maps/place/6+Pl.+de+la+R%C3%A9publique,+76000+Rouen,+France/@49.437553,1.096687,2638m/data=!3m1!1e3!4m6!3m5!1s0x47e0de7948398635:0x7dfd8fffc9433c93!8m2!3d49.4375532!4d1.0966866!16s%2Fg%2F11c22893d9?hl=en&entry=ttu&g_ep=EgoyMDI1MDExMC4wIKXMDSoASAFQAw%3D%3D",EUR
institut-medical-asclepios,France,FR,Europe,Bitche,"1 Av. Général de Gaulle, 57230 Bitche, France",49.05184475,7.425219002,French,4.9,5,118,https://www.google.com/maps/place/INSTITUT+M%C3%89DICAL+ASCLEPIOS+:+Expert+en+Greffe+Capillaire+et+M%C3%A9decine+Esth%C3%A9tique+pr%C3%A8s+de+Strasbourg/data=!4m2!3m1!1s0x0:0x3da7540c06dad2fa?sa=X&ved=1t:2428&ictx=111,EUR
la-microgreffe,France,FR,Europe,Villeneuve-d'Ascq,"7 Av. de Flandre, 59491 Villeneuve-d'Ascq, France",50.66392301,3.137137602,French,4.5,5,47,https://www.google.com/maps/place/Clinique+La+Microgreffe/data=!4m2!3m1!1s0x0:0xc5852a66f4ad9fb7?sa=X&ved=1t:2428&ictx=111,EUR
my-hair-medical,France,FR,Europe,Lyon,"25 Quai Antoine Riboud, 69002 Lyon, France",45.74198001,4.819134858,French,3.4,5,5,"https://www.google.com/maps/place/My+Hair+Medical/@45.7418677,4.8191134,708m/data=!3m2!1e3!4b1!4m6!3m5!1s0x47f4ea5169e8aff7:0x2d07ba9814c1173c!8m2!3d45.7418677!4d4.8191134!16s%2Fg%2F11d_ptchlr?entry=ttu&g_ep=EgoyMDI1MDExMC4wIKXMDSoASAFQAw%3D%3D",EUR
centre-medical-et-esthetique-des-canuts,France,FR,Europe,Lyon,"11 Rue Dumont d'Urville, 69004 Lyon, France",45.77795762,4.836028631,French,4.8,5,564,https://www.google.com/maps/place/Centre+M%C3%A9dical+%26+Esth%C3%A9tique+des+Canuts+-+%C3%89pilation+laser+lyon+-Greffe+de+cheveux/data=!4m2!3m1!1s0x0:0x93736a009be3e2f1?sa=X&ved=1t:2428&ictx=111,EUR
la-greffe-de-cheveux,France,FR,Europe,Paris,"69 Rue de la Tour, 75016 Paris, France",48.86151537,2.278772584,French,4.4,5,28,"https://www.google.com/maps/place/Dr+Pascal+BOUDJEMA+%7C+Greffe+de+cheveux+%C3%A0+Paris+%7C+Technique+FUE+%26+FUT/@48.861346,2.2761655,667m/data=!3m2!1e3!4b1!4m6!3m5!1s0x47e66fff3fe37a95:0x75b5106de13e946b!8m2!3d48.861346!4d2.2787404!16s%2Fg%2F11_q019wf?entry=ttu&g_ep=EgoyMDI1MDExMC4wIKXMDSoASAFQAw%3D%3D",EUR
dr-philippe-letertre,France,FR,Europe,Nice,"134 Av. des Arènes de Cimiez, 06000 Nice, France",43.71656541,7.274804355,"French, English, Spanish",4.8,5,262,"https://www.google.com/maps/place/Docteur+Philippe+Letertre+-+chirurgie+esth%C3%A9tique+-+greffe+de+cheveux/@43.7164026,7.272208,733m/data=!3m2!1e3!4b1!4m6!3m5!1s0x12cdd0091e7723f9:0x5133cafbbece4e34!8m2!3d43.7164026!4d7.2747829!16s%2Fg%2F1tqhm7nt?entry=ttu&g_ep=EgoyMDI1MDExMC4wIKXMDSoASAFQAw%3D%3D",EUR
anthese-bordeaux,France,FR,Europe,Bordeaux,"9 Rue du Colisée, 33000 Bordeaux",44.84954237,-0.5824513227,"French, English",4.4,5,39,"https://www.google.com/maps/place/Dr+Emma+Lavocat+-+M%C3%A9decine+esth%C3%A9tique,+morphologique+et+anti-%C3%A2ge/@44.84723,-0.582108,11503m/data=!3m1!1e3!4m6!3m5!1s0xd552790eb9b05e7:0x2ee5c62de9e3d357!8m2!3d44.8472299!4d-0.5821083!16s%2Fg%2F11fb0jf9ff?hl=fr&entry=ttu&g_ep=EgoyMDI1MDExMC4wIKXMDSoASAFQAw%3D%3D",EUR
dr.-eric-bouhanna,France,FR,Europe,Paris,"23 Av. Niel, 75017 Paris, France",48.88106656,2.295061458,French,4.3,5,189,"https://www.google.com/maps/place/Dr.+Pierre+Bouhanna/@48.880869,2.29504,667m/data=!3m2!1e3!4b1!4m6!3m5!1s0x47e66f95d55c4be5:0xd7148d847830363a!8m2!3d48.880869!4d2.29504!16s%2Fg%2F12lkjgxh3?entry=ttu&g_ep=EgoyMDI1MDExMC4wIKXMDSoASAFQAw%3D%3D",EUR
dr.-eve-youssof,France,FR,Europe,Marseille,"31 Rue Fargès, 13008 Marseille, France",43.28152421,5.383946153,French,4.6,5,55,"https://www.google.com/maps?ll=43.280337,5.383517&z=14&t=m&hl=fr&gl=ES&mapclient=embed&cid=5031162447621359305",EUR
centre-du-champ-de-mars,France,FR,Europe,Paris,"45 Rue de Richelieu, 75001 Paris, France",48.86695908,2.336885332,French,5,5,48,"https://www.google.com/maps/place/Centre+Du+Champ+De+Mars/@48.8663579,2.336716,2668m/data=!3m1!1e3!4m6!3m5!1s0x47e66f24b3f65b8b:0x4405c79a838343ef!8m2!3d48.8663579!4d2.336716!16s%2Fg%2F11v0nr7q92?entry=ttu&g_ep=EgoyMDI1MDExMC4wIKXMDSoASAFQAw%3D%3D",EUR
centre-du-champ-de-mars,France,FR,Europe,Paris,"10 Rue du Laos, 75015 Paris, France",48.85020842,2.300907927,French,4.9,5,460,"https://www.google.com/maps/place/Centre+Du+Champ+De+Mars+-+Eiffel/@48.8501237,2.3009723,667m/data=!3m1!1e3!4m6!3m5!1s0x47e671ed80317b51:0x2f6bd476b05518b0!8m2!3d48.8500584!4d2.3009339!16s%2Fg%2F11jr_x_rdr?entry=ttu&g_ep=EgoyMDI1MDExMC4wIKXMDSoASAFQAw%3D%3D",EUR
centre-du-champ-de-mars,France,FR,Europe,Paris,"19 Rue La Fayette, 75009 Paris, France",48.87414047,2.336598136,French,4.9,5,111,"https://www.google.com/maps/place/Centre+Du+Champ+De+Mars+-+Op%C3%A9ra/@48.8740699,2.3339803,667m/data=!3m1!1e3!4m6!3m5!1s0x47e66f43a9bc6451:0x3a1a42d8c3a96f6d!8m2!3d48.8740664!4d2.3365552!16s%2Fg%2F11khf62lrd?entry=ttu&g_ep=EgoyMDI1MDExMC4wIKXMDSoASAFQAw%3D%3D",EUR
dr.-pierre-bouhanna,France,FR,Europe,Paris,"23 Av. Niel, 75017 Paris, France",48.88098189,2.2950400000000006,French,4.3,5,189,"https://www.google.com/maps/place/Dr.+Pierre+Bouhanna/@48.880869,2.29504,667m/data=!3m2!1e3!4b1!4m6!3m5!1s0x47e66f95d55c4be5:0xd7148d847830363a!8m2!3d48.880869!4d2.29504!16s%2Fg%2F12lkjgxh3?entry=ttu&g_ep=EgoyMDI1MDExMC4wIKXMDSoASAFQAw%3D%3D",EUR
clinique-chirurgie-esthetique-bordeaux,France,FR,Europe,Bordeaux,"49 Bd Georges Pompidou, 33000 Bordeaux, France",44.83373572,-0.6020825423,French,4.4,5,650,"https://www.google.com/maps?ll=44.833264,-0.602104&z=16&t=m&hl=en&gl=US&mapclient=embed&cid=4379467568497563388",EUR
hairdoc,Germany,GE,Europe,Düsseldorf,"Königsallee 30, 40212 Düsseldorf, Germany",6.779759387,51.2246205,German,5,5,21,"https://www.google.com/maps/place/Hairdoc+-+Haartransplantation/@51.2244794,6.7797272,635m/data=!3m2!1e3!4b1!4m6!3m5!1s0x4171becb415d7e7d:0xefa3559c87a5b7e0!8m2!3d51.2244794!4d6.7797272!16s%2Fg%2F1thcrf6t?entry=ttu&g_ep=EgoyMDI1MDExMC4wIKXMDSoASAFQAw%3D%3D",EUR
ko-hair,Germany,GE,Europe,Düsseldorf,"Kö Galerie, Königsallee 60B, 40212 Düsseldorf, Germany",51.22232667,6.779810458,"German, English",4.8,5,262,https://www.google.com/maps/place/K%C3%96-HAIR+KLINK+GmbH+D%C3%BCsseldorf+Haartransplantation+%7C+Haarpigmentierung+D%C3%BCsseldorf+%7C+PRP+Behandlung+D%C3%BCsseldorf/data=!4m2!3m1!1s0x0:0xc3b9e866c31cbe1b?sa=X&ved=1t:2428&ictx=111,EUR
munich-hairtransplant,Germany,GE,Europe,Munich,"Theatinerstraße 31, 80333 München, Germany",48.14125413,11.57683113,"German, English",4.8,5,13,"https://www.google.com/maps/place/Dr.Sussan+Rosenthal+%2F+Munich+Hair+Transplant/@48.1411181,11.5768204,677m/data=!3m2!1e3!4b1!4m6!3m5!1s0x479e764173b17ff5:0x89120ca12f8d5c0c!8m2!3d48.1411181!4d11.5768204!16s%2Fg%2F11h3bh5jv7?entry=ttu&g_ep=EgoyMDI1MDExMC4wIKXMDSoASAFQAw%3D%3D",EUR
darius-alamouti,Germany,GE,Europe,Bochum,"Historischer Nordbahnhof, Ostring 15, 44787 Bochum, Germany",51.48289164,7.225208371,German,4.9,5,72,https://www.google.com/maps/place/Dr.+med.+Darius+Alamouti/data=!4m2!3m1!1s0x0:0x8f3b434c025dc532?sa=X&ved=1t:2428&ictx=111,EUR
kosmed-klinik,Germany,GE,Europe,Hamburg,"Mönckebergstraße 5, 20095 Hamburg, Germany",53.55134855,10.00387092,"German, English",4.3,5,7,https://www.google.com/maps/place/KOSMED-KLINIK+-+Hair+Transplant+Center+-+Haartransplantation/data=!4m2!3m1!1s0x0:0xdee8d834e9b74905?sa=X&ved=1t:2428&ictx=111,EUR
otberg-medical,Germany,GE,Europe,Berlin,"Gartenstraße 2, 10115 Berlin, Germany",52.52912138,13.39387364,"German, English",5,5,9,https://www.google.com/maps/place/Otberg+Medical/data=!4m2!3m1!1s0x0:0xefa30a13b8c81324?sa=X&ved=1t:2428&ictx=111,EUR
focus-hairtrans,Germany,GE,Europe,Coesfeld,"Schüppenstraße 1, 48653 Coesfeld, Germany",51.94624683,7.167648069,"German, Arabic",5,5,1,https://www.google.com/maps/place/Focus+Hairtrans/data=!4m2!3m1!1s0x0:0xaf97e197b6504122?sa=X&ved=1t:2428&ictx=111,EUR
trichomed,Germany,GE,Europe,Berlin,"Bayreuther Str. 36, 10789 Berlin, Germany",52.50179551,13.34419741,"German, English, Russian",5,5,1,"https://www.google.com/maps/place/Haartransplantation+-+Trichomed+Praxis/@52.5011165,13.3338794,4011m/data=!3m1!1e3!4m6!3m5!1s0x47a8505157dbf89f:0xefe8a8ab29098a22!8m2!3d52.5011883!4d13.3437303!16s%2Fg%2F11cn9mvb5m?entry=ttu&g_ep=EgoyMDI1MDExMC4wIKXMDSoASAFQAw%3D%3D",EUR