slug,ClinicName,ClinicImgName,Website,FreeOnlineConsultation,OnlineConsultationAvailable,FormAvailable,FormURL,LinkedIn,Instagram,Facebook,Youtube,TikTok,X,Whatsapp,Organisations
nielsen-haarkliniek,Nielsen Haarkliniek,NielsenHaarkliniek.png,https://nielsenhaarkliniek.nl,Yes,Yes,Yes,https://nielsenhaarkliniek.nl/gratis-consult/,,,,,,,,"xx, yy, zz"
zantman-kliniek,Zantman Kliniek,ZantmanKliniek.png,https://www.zantmankliniek.nl,Yes,Yes,Yes,https://www.zantmankliniek.nl/en/hair-transplant/treatment/consultation/,,,,,,,,
dr.-acar---cosmedica,Dr. Acar - Cosmedica,DrAcar_cosmedia.png,https://cosmedica.com,Yes,Yes,Yes,https://cosmedica.com/price/#pll_switcher,,,,,,,,
elithair,Elithair,Elithair.png,https://elithair.co.uk,Yes,Yes,Yes,https://elithair.co.uk/hairform/,,,,,,,,
sydney-hair-transplant,Sydney Hair Transplant,SydneyHairTransplant.png,https://sydneyhairtransplant.com.au,TBD,TBD,Yes,https://sydneyhairtransplant.com.au/service/fue-hair-transplant/,,,,,,,,
hair-transplants-melbourne,Hair Transplants Melbourne,HairTransplantMelbourne.png,https://hairtransplantsmelbourne.com.au,Yes,Yes,Yes,https://hairtransplantsmelbourne.com.au/lp/melbourne-hair-transplant/,,,,,,,,
ashley-and-martin-auckland,Ashley and Martin Auckland,AshleyandMartin.png,https://ashleyandmartin.co.nz,TBD,TBD,TBD,,,,,,,,,
the-knudsen-clinic,The Knudsen Clinic,KnudsenClinic.png,https://knudsen.co.nz,TBD,TBD,Yes,https://knudsen.co.nz/contact-locations/,,,,,,,,
new-zealand-hair-transplantation-institute,New Zealand Hair Transplantation Institute,GroClinics.png,https://groclinics.co.nz,TBD,TBD,Yes,https://groclinics.co.nz/pages/get-in-touch,,,,,,,,
advanced-hair-studio,Advanced Hair Studio,AdvancedHairStudio.png,https://www.advancedhair.co.nz,TBD,TBD,Yes,https://www.advancedhair.co.nz,,,,,,,,
o2-clinic,o2 Clinic,02Clinic.png,https://o2clinic.be,TBD,TBD,TBD,,,,,,,,,
wellness-kliniek,Wellness Kliniek,WelnessKliniekBelgie.png,https://www.wellnesskliniek.com,TBD,TBD,Yes,https://www.wellnesskliniek.nl/nl/contact,,,,,,,,
nationaal-huid-centrum,Nationaal Huid Centrum,NationaalHuidCentrum.png,https://nationaalhuidcentrum.nl/,Yes,No,Yes,https://nationaalhuidcentrum.nl/afspraak-maken/,,,,,,,,
beauclinic,Beauclinic,Beauclinic.png,https://beauclinic.nl/,Yes,Yes,Yes,https://beauclinic.nl/adviesgesprek/,,,,,,,,
forhair,Forhair,FORHAIR.png,https://forhair.co.kr/en/,TBD,TBD,Yes,https://www.forhair.co.kr/en/cs/en_inquiry.asp,,,,,,,,
shin-medical,Shin Medical,ShinMedical.png,https://www.shinmedical.com/,Yes,TBD,Yes,https://www.shinmedical.com/consultation/,,,,,,,,
shinwa-clinic,Shinwa Clinic,ShinwaClinic.png,https://shinwa-clinic.jp/en/,Yes,No,Yes,https://shinwa-clinic.jp/en/counseling/,,,,,,,,
taiwan-hair-transplant-clinic,Taiwan Hair Transplant Clinic,TaiwanHair.png,https://taiwanhair.com/en/,Yes,Yes,Yes,https://api.whatsapp.com/message/VPJOYBFJH7R5E1?autoload=1&app_absent=0,,,,,,,,
koher-medical,Koher Medical,KoherMedical.png,https://kohermedical.com/,TBD,TBD,Yes,https://kohermedical.com/pricing/,,,,,,,,
medi-teknia,Medi Teknia,MediTeknia.png,https://mediteknia.es/,TBD,TBD,TBD,,,,,,,,,
asian-hair-restoriation-center,Asian Hair Restoriation Center,AsianHairRestoriationCenter.png,https://www.hairphil.com/,TBD,TBD,TBD,,,,,,,,,
direct-hair-implentation,Direct Hair Implentation,DHIVienna.png,https://www.dhi-vienna.com/en/,TBD,TBD,Yes,https://www.dhi-vienna.com/en/contact/make-an-appointment/,,,,,,,,
moser-medical,Moser Medical,MoserMedical.png,https://www.haarestattglatze.com/en/,Yes,Yes,Yes,https://www.haarestattglatze.com/en/contact/contact-us,,,,,,,,
bhr-clinic,BHR Clinic,BHRClinic.png,https://bhrclinic.com/,Yes,Yes,Yes,https://bhrclinic.com/online-consultation/,,,,,,,,
hair-transplant-surgery,Hair Transplant Surgery,HairTransplantSurgery.png,https://www.hair-transplant-surgery.com/en/,Yes,Yes,No,https://www.hair-transplant-surgery.com/en/online-consultation,,,,,,,,
my-world-hair-transplant-center,My World Hair Transplant Center,mywhtc.png,https://www.mywhtc.net/home,Yes,Yes,Yes,https://www.mywhtc.net/contact,,,,,,,,
feriduni,Feriduni,Feriduni.png,https://www.feriduni.com/en,No,Yes,Yes,https://www.feriduni.com/en/online-consultation,,,,,,,,
medikemos-clinic,Medikemos Clinic,medikemosclinic.png,https://medikemosclinic.com/en,TBD,Yes,Yes,https://medikemosclinic.com/en/contact/,,,,,,,,
poliklinika-pantovcak-hair-clinic,Poliklinika Pantovcak Hair Clinic,PoliklinikaPantovcak HairClinic.png,https://poliklinikapantovcak.com/en/,Yes,Yes,Yes,https://poliklinikapantovcak.com/en/consultations/,,,,,,,,
maletic,Maletic,maletic.png,https://www.maletic.eu/,TBD,TBD,Yes,https://www.maletic.eu/contact/book-a-consultation-appointment.aspx,,,,,,,,
hdc-hair-clinic,HDC Hair Clinic,MedicalTrichologyCentre.png,https://www.hairtransplants-hdc.com/,Yes,Yes,Yes,https://www.hairtransplants-hdc.com/hair-transplant/online-consultation-request/,,,,,,,,
advanced-hair-clinics,Advanced Hair Clinics,AdvancedHairClinics.png,https://www.advancedhairclinics.gr/en/,No,No,Yes,https://www.advancedhairclinics.gr/en/hair-transplant-form,,,,,,,+306983023201,
medartclinic,Medartclinic,MedArtClinic.png,https://medartclinic.com/,No,No,No,https://medartclinic.com/contact-form/,,,https://www.facebook.com/medartclinic,,,,,ISHRS
pilorum,Pilorum,Pilorum.png,https://pilorum.dk/,Yes,No,No,https://pilorum.dk/konsultation/,,https://www.instagram.com/pilorumhaarklinik/,https://www.facebook.com/pilorumklinik/,https://www.youtube.com/channel/UCqtx-ZzXcvW0iDTPBgTi0yg,,,,
alfa-omega-klinikken,Alfa Omega Klinikken,AlfaOmega.png,https://alfaomegaklinikken.dk/,No,No,No,https://alfaomegaklinikken.dk/booking/ny-kunde/,https://www.linkedin.com/company/alfa-omega-klinikken/,https://www.instagram.com/alfaomegaklinikken/,https://www.facebook.com/AlfaOmegaKlinikken,,,,,
nordic-medical-center,Nordic Medical Center,NordicMedicalCenter,https://nordicmedicalcenter.com/,No,No,No,https://nordicmedicalcenter.com/kontakt/,,,,,,,,
helsinki-clinic,Helsinki Clinic,HelsinkiClinic.png,https://www.helsinkiclinic.fi/,No,No,No,https://www.helsinkiclinic.fi/yhteystiedot/,,https://www.instagram.com/helsinkiclinic/,https://www.helsinkiclinic.fi/yhteystiedot/,,,,,
the-clinic,The Clinic,TheClinic.png,https://the-clinic.fr/,No,No,No,https://the-clinic.fr/contact-rdv/,,,,,,,+33619135963,
centre-medico-chirurgical-pour-la-greffe-de-cheveux,Centre Medico Chirurgical pour la greffe de cheveux,CMCCParis.png,https://cmccparis.com/en/cmcc-paris-3/,No,No,No,https://www.doctolib.fr/cabinet-medical/paris/centre-medico-chirurgical-du-cuir-chevelu-cmcc-paris/booking/specialities,,https://www.instagram.com/cmcc_paris/,,,,,,
natural-hair-transplant-europe,Natural Hair Transplant Europe,NTHEurope.png,https://www.nht-europe.com/fr/index.html,No,No,Yes,https://www.nht-europe.com/fr/pre-devis-greffe-cheveux-barbe-cils-sourcils.html,,https://www.instagram.com/nht_greffecapillaire/,https://www.facebook.com/nhteurope,https://www.youtube.com/channel/UCe-lNm3TcrBPmKpMdJnQwXw,,,,ISHRS
haroj,HAROJ,HAROJ.png,https://www.haroj-clinic.com/en/,No,No,No,https://www.haroj-clinic.com/en/make-a-appointment.html,,https://www.instagram.com/feutren_petin_aesthetics/,https://www.facebook.com/medecine.esthetique.mulhouse,,,,,
maison-lutetia,Maison Lutetia,maisonlutetia.png,https://www.maisonlutetia.com/en/,No,No,No,https://connect-lutetia.pabau.me/bookings.php?compid=6424&location_id=5145,,https://www.instagram.com/maison_lutetia/,https://www.facebook.com/DHILutetia,https://www.youtube.com/@maison_lutetia,https://www.tiktok.com/@maison_lutetia,,,
clinique-rivoli-massena,Clinique Rivoli Massena,clinique-rivoli-massena.png,https://www.clinique-rivoli-massena.com/,No,No,No,https://www.doctolib.fr/medecine-morphologique-et-anti-age/strasbourg/vincent-schneider/booking/new-patient,,https://www.instagram.com/clinique.rivoli.massena/#,https://www.facebook.com/clinique.rivoli.massena/,,,,,
capclinic,CapClinic,capclinic.png,https://www.capclinic.fr/,No,No,No,https://www.capclinic.fr/contact,,,,,,,+33633518502,
clinique-eiffel,Clinique Eiffel,eiffelclinique.png,https://www.eiffelclinique.fr/,No,No,No,https://www.eiffelclinique.fr/les-cheveux/la-greffe-de-cheveux-fue/,https://www.linkedin.com/company/clinique-eiffel-carr%C3%A9-d%27or/,https://www.instagram.com/clinique_eiffel/,https://www.facebook.com/ChirurgieParis/,,,,,
doctor-and-co,Doctor and Co,doctorandco.png,https://www.doctorandco.fr/en/,No,No,No,https://www.doctorandco.fr/en/contact/,,,https://www.facebook.com/profile.php?id=100040326464045,https://www.youtube.com/channel/UCXSL9NsV6ibGavexr9wx1DA,,,,
clinique-du-palais,Clinique Du Palais,cliniquedupalais.png,https://cliniquedupalais.com/,No,No,No,https://www.doctolib.fr/medecin-generaliste/marseille/bilal-pruzsina/booking/motives,,https://www.instagram.com/dr.pruzsina/,,,,,,
easygreffe,Easygreffe,easygreffe.png,https://easygreffe.fr/,No,No,No,https://www.doctolib.fr/centre-de-sante/paris/centre-de-greffe-de-cheveux-easygreffe-paris/booking/motives,,,,,,,,
drbodnar,DrBodnar,DrBodnar.png,https://www.cabinet-esthetique-alsacelorraine.com/,No,No,No,https://www.doctolib.fr/chirurgien-plastique/toulouse/martial-bodnar-toulouse/booking/new-patient,,,https://www.facebook.com/cabinetesthetiquebodnar,https://www.youtube.com/user/centrelasertoulouse,,,,
medicine-esthetique-rouen,Medicine Esthetique Rouen,MedicineEsthetiqueRouen.png,https://yaduncenter.com/,No,No,No,https://www.doctolib.fr/cabinet-medical/rouen/ny-center-cabinet-de-medecine-esthetique/booking/new-patient,,https://www.instagram.com/nathan_yadun_center/,,,,,,
institut-medical-asclepios,Institut Medical Asclepios,institutasclepios.png,https://institutasclepios-landing.fr/,No,No,No,https://www.doctolib.fr/medecin-generaliste/bitche/claude-martin/booking/new-patient,,,,,,,+33684785909,
la-microgreffe,La Microgreffe,lamicrogreffe,https://www.lamicrogreffe.com/,No,No,No,https://www.doctolib.fr/medecin-generaliste/marcq-en-baroeul/francois-pacheco/booking/new-patient?specialityId=222&profile_skipped=true&utm_source=francois-pacheco-website-button&utm_medium=referral&utm_campaign=website-button&utm_content=option-5&bookingFunnelSource=external_referral,,https://www.instagram.com/lamicrogreffe/,https://www.facebook.com/profile.php?id=61562006691966,,,,,
my-hair-medical,My Hair Medical,myhairmedical,https://www.myhairmedical.com/,No,No,No,https://www.myhairmedical.com/contact/,,,,,,,,
centre-medical-et-esthetique-des-canuts,Centre Medical et Esthetique des Canuts,centremedicalcroixrousse,https://centremedicalcroixrousse.fr/,No,No,No,https://www.doctolib.fr/centre-de-sante/lyon/centre-medical-des-canuts/booking/new-patient,https://www.linkedin.com/company/centre-m%C3%A9dical-des-canuts/,,https://www.facebook.com/Centreesthetiquedescanuts/,,,,,
la-greffe-de-cheveux,La Greffe de Cheveux,lesgreffesdecheveux.png,https://www.lesgreffesdecheveux.fr/,No,No,No,https://www.doctolib.fr/medecin-generaliste/paris/pascal-boudjema/booking/motives,,,,,,,,
dr-philippe-letertre,Dr Philippe Letertre,philippeletertre.png,https://www.philippeletertre.com/,No,Yes,Yes,https://www.philippeletertre.com/contact-chirurgien-plasticien-letertre,,,https://www.facebook.com/DrLetertre,https://www.youtube.com/user/drletertre,,https://x.com/DrLetertre,,
anthese-bordeaux,Anthese Bordeaux,la-confidentielle-esthetique.png,https://la-confidentielle-esthetique.fr/,No,No,No,https://www.doctolib.fr/medecin-generaliste/bordeaux/emma-nehring-lavocat/booking/motive-categories,https://www.linkedin.com/in/docteur-emma-lavocat-572aaaa7/,https://www.instagram.com/laconfidentielleesthetique/,https://www.facebook.com/Laconfidentielleesthetique/,https://www.youtube.com/channel/UCXMZMg3K6YAWb_1qLZBX9Rg,,,,
dr.-eric-bouhanna,Dr. Eric Bouhanna,docteurbouhanna.png,https://docteurbouhanna.org/,No,No,No,https://docteurbouhanna.org/nous-contacter/contact/,,,,,,,,
dr.-eve-youssof,Dr. Eve Youssof,eve-youssof.png,https://www.eve-youssof-esthetique.fr/,No,No,No,https://www.doctolib.fr/medecin-generaliste/marseille/eve-youssof/booking/motives,,https://www.instagram.com/dreveyoussof/,,,,,,
centre-du-champ-de-mars,Centre du Champ de Mars,centre-du-champ-de-mars.png,https://www.centre-du-champ-de-mars.paris/,Yes,No,No,https://www.doctolib.fr/centre-laser-et-esthetique/paris/centre-du-champs-de-mars-opera/booking/motive-categories,,,,,,,,
dr.-pierre-bouhanna,Dr. Pierre BOUHANNA,bouhanna.png,https://bouhanna.com/en/,Yes,No,Yes,https://form.typeform.com/to/apUu2Ax1,https://www.linkedin.com/in/pierre-bouhanna-75178847/,,https://www.facebook.com/profile.php?id=100063533709547,,,https://x.com/Dr_Bouhanna,,
clinique-chirurgie-esthetique-bordeaux,Clinique chirurgie esthetique Bordeaux,clinique-esthetique-aquitaine.png,https://www.clinique-esthetique-aquitaine.com/,No,No,No,https://www.doctolib.fr/clinique-privee/bordeaux/clinique-esthetique-aquitaine/booking/specialities,,,https://www.facebook.com/clinique.esthetique.aquitaine/,https://www.youtube.com/channel/UCV81fntgrlr3PlVdSE_17BA/videos,https://www.tiktok.com/@cliniqueesthetiquea,,+33607379703,
tsilosani-clinic,Tsilosani Clinic,tsilosaniclinic.png,https://tsilosaniclinic.com/,Yes,Yes,Yes,https://tsilosaniclinic.com/contact-transplant-consultation/,https://www.linkedin.com/in/akakitsilosani/,https://www.instagram.com/hairgraftstransplant/,https://www.facebook.com/dr.tsilosani,https://www.youtube.com/channel/UCPUIjqdC0Px2HNCXCCtz3Aw,,,+995591024004,
talizi,Talizi,talizi.png,https://talizi.ge/,No,No,No,https://talizi.ge/contact/,,,,,,,+995599141401,
hairline-international,Hairline International,HairlineInternational.png,https://hairline.ge/en,No,No,No,https://hairline.ge/en/contact-us,,https://www.instagram.com/hairline.international/,https://www.facebook.com/hairline.ge/,,,,+995557300030,
hairdoc,Hairdoc,Hairdoc.png,https://www.hairdoc.de/,No,No,Yes,https://www.hairdoc.de/transplantation-der-haare/ihre-haarsituation/,,https://www.instagram.com/hairdoc_dr.neidel/,https://www.facebook.com/hairdocpraxis,,,,,"ISHRS, ESHRS"
ko-hair,KO-HAIR,Ko-Hair.png,https://www.koe-hair.de/startseite.html,Yes,No,Yes,https://www.koe-hair.de/kontakt/haaranalyse.html,,https://www.instagram.com/koehair/,https://www.facebook.com/koehair,https://www.youtube.com/c/koe-hairDe,https://tiktok.com/@koehair,,,
munich-hairtransplant,Munich Hairtransplant,munich-hairtransplant.png,https://munich-hairtransplant.com/,No,No,No,,,,,,,,,
darius-alamouti,Darius Alamouti,DariusAlamouti.png,https://www.dariusalamouti.de/home,No,No,No,https://www.doctolib.de/privatpraxis/bochum/dr-darius-alamouti-privataerztliches-centrum-fuer-aesthetische-medizin-dermatologie/booking/new-patient,,,,,,,,
kosmed-klinik,KOSMED-KLINIK,KosmedKlinik.png,https://www.haartransplantation-zentrum.de/en/home-eng/,,,,,,,,,,,,
otberg-medical,Otberg Medical,OtbergMedical.png,https://www.otberg-medical.de/,No,No,No,,,https://www.instagram.com/ninaotberg/,https://www.facebook.com/OtbergMedical,,,,,
focus-hairtrans,Focus Hairtrans,FocusHairtrans.png,https://www.focushairtrans.com/,No,No,No,,,,,,,,,ISHRS
trichomed,TrichoMed,TrichoMed.png,https://www.trichomed.com/,No,No,No,,,,,,,,,ISHRS
,,,,,,,,,,,,,,,
,,,"Dr Akanay-Diesel, Braunschweig",,,,,,,,,,,,
,,,"Aesthetic Quartier, Frankfurt",,,,,,,,,,,,
,,,,,,,,,,,,,,,
,,,,,,,,,,,,,,,
,,,https://www.best-hair-clinics.com/clinics.html?pays=43,,,,,,,,,,,,
,,,https://www.best-hair-clinics.com/clinics.html?pays=16,,,,,,,,,,,,
,,,https://hairhungary.hu/,,,,,,,,,,,,
,,,https://sikos.hu/en/,,,,,,,,,,,,
,,,https://www.tirnanogclinic.com/,,,,,,,,,,,,
,,,https://www.hswclinic.com/,,,,,,,,,,,,
,,,https://nuacell.com/,,,,,,,,,,,,
,,,https://www.mhrclinicireland.com/,,,,,,,,,,,,
,,,https://insalacoclinic.com/en/,,,,,,,,,,,,
,,,https://www.pierotesauro.it/,,,,,,,,,,,,
,,,https://www.masullomedicalgroup.com/,,,,,,,,,,,,
,,,https://www.beautymedical.it/en/,,,,,,,,,,,,
,,,https://www.profmarcotoscani.com/,,,,,,,,,,,,
,,,https://www.vincenzogambino.com/,,,,,,,,,,,,
,,,http://www.lucadefazio.com/,,,,,,,,,,,,
,,,https://www.studioagostinacchio.com/,,,,,,,,,,,,
,,,https://www.stefanobezzi.it/,,,,,,,,,,,,
,,,https://lutetiaclinics.com/,,,,,,,,,,,,