LogoName,ClinicName,URL,Sign up,Languages,Country,City,Review Score,Total Score,Total Reviews,Source,local_price,local_currency,usd_price,Method,Grafts,Consultation,Consultation Currency,Inclusive,5-Star Hotel,Pick-up and Transfers
DrAcar_cosmedia.png,Dr. Acar - Cosmedica,https://cosmedica.com/price/#pll_switcher,Yes,"English, French, Italian, Spanish, Dutch, Polish, Russian, Portugese",Turkey,Istanbul,5,5,"2,459",https://www.provenexpert.com/en-us/haartransplantation-istanbul-dr-acar-aus-istanbul/,2300,EUR,2436,FUE,4000,Yes,,Yes,Yes,Yes
DrAcar_cosmedia.png,Dr. Acar - Cosmedica,https://cosmedica.com/price/#pll_switcher,Yes,"English, French, Italian, Spanish, Dutch, Polish, Russian, Portugese",Turkey,Istanbul,5,5,"2,459",https://www.provenexpert.com/en-us/haartransplantation-istanbul-dr-acar-aus-istanbul/,3200,EUR,3389,FUE,5500,Yes,,Yes,Yes,Yes
DrAcar_cosmedia.png,Dr. Acar - Cosmedica,https://cosmedica.com/price/#pll_switcher,Yes,"English, French, Italian, Spanish, Dutch, Polish, Russian, Portugese",Turkey,Istanbul,5,5,"2,459",https://www.provenexpert.com/en-us/haartransplantation-istanbul-dr-acar-aus-istanbul/,2990,EUR,3166,DHI,4000,Yes,,Yes,Yes,Yes
DrAcar_cosmedia.png,Dr. Acar - Cosmedica,https://cosmedica.com/price/#pll_switcher,Yes,"English, French, Italian, Spanish, Dutch, Polish, Russian, Portugese",Turkey,Istanbul,5,5,"2,459",https://www.provenexpert.com/en-us/haartransplantation-istanbul-dr-acar-aus-istanbul/,3890,EUR,4119,DHI,5500,Yes,,Yes,Yes,Yes
HairWorks.png,HairWorks,https://www.skinworks.com.hk/treatment/hair-transplant,No,"English, Cantonese, Mandarin",Hong Kong,Hong Kong,,,,,,,,,,,,,,
HairWorks.png,HairWorks,https://www.skinworks.com.hk/treatment/hair-transplant,No,"English, Cantonese, Mandarin",Hong Kong,Hong Kong,,,,,,,,,,,,,,
HairWorks.png,HairWorks,https://www.skinworks.com.hk/treatment/hair-transplant,No,"English, Cantonese, Mandarin",Hong Kong,Hong Kong,,,,,,,,DHI,,,,,,
HairWorks.png,HairWorks,https://www.skinworks.com.hk/treatment/hair-transplant,No,"English, Cantonese, Mandarin",Hong Kong,Hong Kong,,,,,,,,DHI,,,,,,
NielsenHaarkliniek.png,Nielsen Haarkliniek,https://nielsenhaarkliniek.nl/gratis-consult/,Yes,"English, Dutch",Netherlands,Den Haag,4.3,5,,"https://www.google.com/maps/place/Nielsen+Haarkliniek/@52.0437918,4.3610032,17z/data=!4m8!3m7!1s0x47c5b78954f1e479:0xcfd7e21c4f7b4009!8m2!3d52.0437918!4d4.3610032!9m1!1b1!16s%2Fg%2F11h4fj_hzq?entry=ttu&g_ep=EgoyMDI0MTAyMy4wIKXMDSoASAFQAw%3D%3D",2999,EUR,3176,FUE,1600,Yes,,No,No,No
NielsenHaarkliniek.png,Nielsen Haarkliniek,https://nielsenhaarkliniek.nl/gratis-consult/,Yes,"English, Dutch",Netherlands,Den Haag,4.3,5,,"https://www.google.com/maps/place/Nielsen+Haarkliniek/@52.0437918,4.3610032,17z/data=!4m8!3m7!1s0x47c5b78954f1e479:0xcfd7e21c4f7b4009!8m2!3d52.0437918!4d4.3610032!9m1!1b1!16s%2Fg%2F11h4fj_hzq?entry=ttu&g_ep=EgoyMDI0MTAyMy4wIKXMDSoASAFQAw%3D%3D",3999,EUR,4235,FUE,1600 - 3100,Yes,,No,No,No
NielsenHaarkliniek.png,Nielsen Haarkliniek,https://nielsenhaarkliniek.nl/gratis-consult/,Yes,"English, Dutch",Netherlands,Den Haag,4.3,5,,"https://www.google.com/maps/place/Nielsen+Haarkliniek/@52.0437918,4.3610032,17z/data=!4m8!3m7!1s0x47c5b78954f1e479:0xcfd7e21c4f7b4009!8m2!3d52.0437918!4d4.3610032!9m1!1b1!16s%2Fg%2F11h4fj_hzq?entry=ttu&g_ep=EgoyMDI0MTAyMy4wIKXMDSoASAFQAw%3D%3D",5199,EUR,5505,FUE,3100 - 4600,Yes,,No,No,No
NielsenHaarkliniek.png,Nielsen Haarkliniek,https://nielsenhaarkliniek.nl/gratis-consult/,Yes,"English, Dutch",Netherlands,Den Haag,4.3,5,,"https://www.google.com/maps/place/Nielsen+Haarkliniek/@52.0437918,4.3610032,17z/data=!4m8!3m7!1s0x47c5b78954f1e479:0xcfd7e21c4f7b4009!8m2!3d52.0437918!4d4.3610032!9m1!1b1!16s%2Fg%2F11h4fj_hzq?entry=ttu&g_ep=EgoyMDI0MTAyMy4wIKXMDSoASAFQAw%3D%3D",4149,EUR,4394,DHI,2100,Yes,,No,No,No
NielsenHaarkliniek.png,Nielsen Haarkliniek,https://nielsenhaarkliniek.nl/gratis-consult/,Yes,"English, Dutch",Netherlands,Den Haag,4.3,5,,"https://www.google.com/maps/place/Nielsen+Haarkliniek/@52.0437918,4.3610032,17z/data=!4m8!3m7!1s0x47c5b78954f1e479:0xcfd7e21c4f7b4009!8m2!3d52.0437918!4d4.3610032!9m1!1b1!16s%2Fg%2F11h4fj_hzq?entry=ttu&g_ep=EgoyMDI0MTAyMy4wIKXMDSoASAFQAw%3D%3D",5149,EUR,5453,DHI,3100,Yes,,No,No,No
NielsenHaarkliniek.png,Nielsen Haarkliniek,https://nielsenhaarkliniek.nl/gratis-consult/,Yes,"English, Dutch",Netherlands,Den Haag,4.3,5,,"https://www.google.com/maps/place/Nielsen+Haarkliniek/@52.0437918,4.3610032,17z/data=!4m8!3m7!1s0x47c5b78954f1e479:0xcfd7e21c4f7b4009!8m2!3d52.0437918!4d4.3610032!9m1!1b1!16s%2Fg%2F11h4fj_hzq?entry=ttu&g_ep=EgoyMDI0MTAyMy4wIKXMDSoASAFQAw%3D%3D",2800,EUR,2965,MICRO FUE,1600,Yes,,No,No,No
NielsenHaarkliniek.png,Nielsen Haarkliniek,https://nielsenhaarkliniek.nl/gratis-consult/,Yes,"English, Dutch",Netherlands,Den Haag,4.3,5,,"https://www.google.com/maps/place/Nielsen+Haarkliniek/@52.0437918,4.3610032,17z/data=!4m8!3m7!1s0x47c5b78954f1e479:0xcfd7e21c4f7b4009!8m2!3d52.0437918!4d4.3610032!9m1!1b1!16s%2Fg%2F11h4fj_hzq?entry=ttu&g_ep=EgoyMDI0MTAyMy4wIKXMDSoASAFQAw%3D%3D",3700,EUR,3918,MICRO FUE,3100,Yes,,No,No,No
NielsenHaarkliniek.png,Nielsen Haarkliniek,https://nielsenhaarkliniek.nl/gratis-consult/,Yes,"English, Dutch",Netherlands,Den Haag,4.3,5,,"https://www.google.com/maps/place/Nielsen+Haarkliniek/@52.0437918,4.3610032,17z/data=!4m8!3m7!1s0x47c5b78954f1e479:0xcfd7e21c4f7b4009!8m2!3d52.0437918!4d4.3610032!9m1!1b1!16s%2Fg%2F11h4fj_hzq?entry=ttu&g_ep=EgoyMDI0MTAyMy4wIKXMDSoASAFQAw%3D%3D",4400,EUR,4659,MICRO FUE,4600,Yes,,No,No,No
Elithair.png,Elithair,https://elithair.co.uk/hairform/,Yes,"English, German, French, Spanish, Italian, Portugese, Arabic",Turkey,Istanbul,4.65,5,,https://www.provenexpert.com/de-de/elithair/,2700,GBP,3416,DHI,2000,Yes,,Yes,Yes,Yes
Elithair.png,Elithair,https://elithair.co.uk/hairform/,Yes,"English, German, French, Spanish, Italian, Portugese, Arabic",Turkey,Istanbul,4.65,5,,https://www.provenexpert.com/de-de/elithair/,2800,GBP,3543,DHI,2500,Yes,,Yes,Yes,Yes
Elithair.png,Elithair,https://elithair.co.uk/hairform/,Yes,"English, German, French, Spanish, Italian, Portugese, Arabic",Turkey,Istanbul,4.65,5,,https://www.provenexpert.com/de-de/elithair/,2900,GBP,3669,DHI,3000,Yes,,Yes,Yes,Yes
Elithair.png,Elithair,https://elithair.co.uk/hairform/,Yes,"English, German, French, Spanish, Italian, Portugese, Arabic",Turkey,Istanbul,4.65,5,,https://www.provenexpert.com/de-de/elithair/,3000,GBP,3796,DHI,3500,Yes,,Yes,Yes,Yes
Elithair.png,Elithair,https://elithair.co.uk/hairform/,Yes,"English, German, French, Spanish, Italian, Portugese, Arabic",Turkey,Istanbul,4.65,5,,https://www.provenexpert.com/de-de/elithair/,3100,GBP,3922,DHI,4000,Yes,,Yes,Yes,Yes
Elithair.png,Elithair,https://elithair.co.uk/hairform/,Yes,"English, German, French, Spanish, Italian, Portugese, Arabic",Turkey,Istanbul,4.65,5,,https://www.provenexpert.com/de-de/elithair/,3200,GBP,4049,DHI,4500,Yes,,Yes,Yes,Yes
Elithair.png,Elithair,https://elithair.co.uk/hairform/,Yes,"English, German, French, Spanish, Italian, Portugese, Arabic",Turkey,Istanbul,4.65,5,,https://www.provenexpert.com/de-de/elithair/,3300,GBP,4175,DHI,5000,Yes,,Yes,Yes,Yes
ZantmanKliniek.png,Zantman Kliniek,https://www.zantmankliniek.nl/en/hair-transplant/treatment/consultation/,Yes,"English, Dutch, Spanish",Netherlands,Rotterdam,9.7,10,,https://www.klantenvertellen.nl/reviews/1040209/zantman_kliniek?from=widget&lang=nl,2950,EUR,3124,FUE,500,Yes,,No,No,No
ZantmanKliniek.png,Zantman Kliniek,https://www.zantmankliniek.nl/en/hair-transplant/treatment/consultation/,Yes,"English, Dutch, Spanish",Netherlands,Rotterdam,9.7,10,,,3450,EUR,3653,FUE,750,Yes,,No,No,No
ZantmanKliniek.png,Zantman Kliniek,https://www.zantmankliniek.nl/en/hair-transplant/treatment/consultation/,Yes,"English, Dutch, Spanish",Netherlands,Rotterdam,9.7,10,,,4000,EUR,4236,FUE,1000,Yes,,No,No,No
ZantmanKliniek.png,Zantman Kliniek,https://www.zantmankliniek.nl/en/hair-transplant/treatment/consultation/,Yes,"English, Dutch, Spanish",Netherlands,Rotterdam,9.7,10,,,4450,EUR,4712,FUE,1250,Yes,,No,No,No
ZantmanKliniek.png,Zantman Kliniek,https://www.zantmankliniek.nl/en/hair-transplant/treatment/consultation/,Yes,"English, Dutch, Spanish",Netherlands,Rotterdam,9.7,10,,,4800,EUR,5083,FUE,1500,Yes,,No,No,No
ZantmanKliniek.png,Zantman Kliniek,https://www.zantmankliniek.nl/en/hair-transplant/treatment/consultation/,Yes,"English, Dutch, Spanish",Netherlands,Rotterdam,9.7,10,,,5180,EUR,5485,FUE,1750,Yes,,No,No,No
ZantmanKliniek.png,Zantman Kliniek,https://www.zantmankliniek.nl/en/hair-transplant/treatment/consultation/,Yes,"English, Dutch, Spanish",Netherlands,Rotterdam,9.7,10,,,5500,EUR,5824,FUE,2000,Yes,,No,No,No
ZantmanKliniek.png,Zantman Kliniek,https://www.zantmankliniek.nl/en/hair-transplant/treatment/consultation/,Yes,"English, Dutch, Spanish",Netherlands,Rotterdam,9.7,10,,,5715,EUR,6052,FUE,2250,Yes,,No,No,No
ZantmanKliniek.png,Zantman Kliniek,https://www.zantmankliniek.nl/en/hair-transplant/treatment/consultation/,Yes,"English, Dutch, Spanish",Netherlands,Rotterdam,9.7,10,,,5950,EUR,6301,FUE,2500,Yes,,No,No,No
ZantmanKliniek.png,Zantman Kliniek,https://www.zantmankliniek.nl/en/hair-transplant/treatment/consultation/,Yes,"English, Dutch, Spanish",Netherlands,Rotterdam,9.7,10,,,6105,EUR,6465,FUE,2750,Yes,,No,No,No
ZantmanKliniek.png,Zantman Kliniek,https://www.zantmankliniek.nl/en/hair-transplant/treatment/consultation/,Yes,"English, Dutch, Spanish",Netherlands,Rotterdam,9.7,10,,,6200,EUR,6565,FUE,3000,Yes,,No,No,No
SydneyHairTransplant.png,Sydney Hair Transplant,https://sydneyhairtransplant.com.au/service/fue-hair-transplant/,Yes,English,Australia,Sydney,3,5,,"https://www.google.com/maps/place/Sydney+Hair+Transplant/@-33.919906,151.031107,1683m/data=!3m1!1e3!4m6!3m5!1s0x6b12b02e0f67e129:0x14e74c82b09c4302!8m2!3d-33.9204223!4d151.0311286!16s%2Fg%2F11b66c_ztj?hl=en&entry=ttu&g_ep=EgoyMDI0MTAyMy4wIKXMDSoASAFQAw%3D%3D",2104,AUD,1370,FUE,250,,,,,
SydneyHairTransplant.png,Sydney Hair Transplant,https://sydneyhairtransplant.com.au/service/fue-hair-transplant/,Yes,English,Australia,Sydney,3,5,,"https://www.google.com/maps/place/Sydney+Hair+Transplant/@-33.919906,151.031107,1683m/data=!3m1!1e3!4m6!3m5!1s0x6b12b02e0f67e129:0x14e74c82b09c4302!8m2!3d-33.9204223!4d151.0311286!16s%2Fg%2F11b66c_ztj?hl=en&entry=ttu&g_ep=EgoyMDI0MTAyMy4wIKXMDSoASAFQAw%3D%3D",2525,AUD,1644,FUE,300,,,,,
SydneyHairTransplant.png,Sydney Hair Transplant,https://sydneyhairtransplant.com.au/service/fue-hair-transplant/,Yes,English,Australia,Sydney,3,5,,"https://www.google.com/maps/place/Sydney+Hair+Transplant/@-33.919906,151.031107,1683m/data=!3m1!1e3!4m6!3m5!1s0x6b12b02e0f67e129:0x14e74c82b09c4302!8m2!3d-33.9204223!4d151.0311286!16s%2Fg%2F11b66c_ztj?hl=en&entry=ttu&g_ep=EgoyMDI0MTAyMy4wIKXMDSoASAFQAw%3D%3D",3366,AUD,2192,FUE,400,,,,,
SydneyHairTransplant.png,Sydney Hair Transplant,https://sydneyhairtransplant.com.au/service/fue-hair-transplant/,Yes,English,Australia,Sydney,3,5,,"https://www.google.com/maps/place/Sydney+Hair+Transplant/@-33.919906,151.031107,1683m/data=!3m1!1e3!4m6!3m5!1s0x6b12b02e0f67e129:0x14e74c82b09c4302!8m2!3d-33.9204223!4d151.0311286!16s%2Fg%2F11b66c_ztj?hl=en&entry=ttu&g_ep=EgoyMDI0MTAyMy4wIKXMDSoASAFQAw%3D%3D",4208,AUD,2740,FUE,500,,,,,
SydneyHairTransplant.png,Sydney Hair Transplant,https://sydneyhairtransplant.com.au/service/fue-hair-transplant/,Yes,English,Australia,Sydney,3,5,,"https://www.google.com/maps/place/Sydney+Hair+Transplant/@-33.919906,151.031107,1683m/data=!3m1!1e3!4m6!3m5!1s0x6b12b02e0f67e129:0x14e74c82b09c4302!8m2!3d-33.9204223!4d151.0311286!16s%2Fg%2F11b66c_ztj?hl=en&entry=ttu&g_ep=EgoyMDI0MTAyMy4wIKXMDSoASAFQAw%3D%3D",5049,AUD,3288,FUE,600,,,,,
SydneyHairTransplant.png,Sydney Hair Transplant,https://sydneyhairtransplant.com.au/service/fue-hair-transplant/,Yes,English,Australia,Sydney,3,5,,"https://www.google.com/maps/place/Sydney+Hair+Transplant/@-33.919906,151.031107,1683m/data=!3m1!1e3!4m6!3m5!1s0x6b12b02e0f67e129:0x14e74c82b09c4302!8m2!3d-33.9204223!4d151.0311286!16s%2Fg%2F11b66c_ztj?hl=en&entry=ttu&g_ep=EgoyMDI0MTAyMy4wIKXMDSoASAFQAw%3D%3D",5891,AUD,3837,FUE,700,,,,,
SydneyHairTransplant.png,Sydney Hair Transplant,https://sydneyhairtransplant.com.au/service/fue-hair-transplant/,Yes,English,Australia,Sydney,3,5,,"https://www.google.com/maps/place/Sydney+Hair+Transplant/@-33.919906,151.031107,1683m/data=!3m1!1e3!4m6!3m5!1s0x6b12b02e0f67e129:0x14e74c82b09c4302!8m2!3d-33.9204223!4d151.0311286!16s%2Fg%2F11b66c_ztj?hl=en&entry=ttu&g_ep=EgoyMDI0MTAyMy4wIKXMDSoASAFQAw%3D%3D",6732,AUD,4384,FUE,800,,,,,
SydneyHairTransplant.png,Sydney Hair Transplant,https://sydneyhairtransplant.com.au/service/fue-hair-transplant/,Yes,English,Australia,Sydney,3,5,,"https://www.google.com/maps/place/Sydney+Hair+Transplant/@-33.919906,151.031107,1683m/data=!3m1!1e3!4m6!3m5!1s0x6b12b02e0f67e129:0x14e74c82b09c4302!8m2!3d-33.9204223!4d151.0311286!16s%2Fg%2F11b66c_ztj?hl=en&entry=ttu&g_ep=EgoyMDI0MTAyMy4wIKXMDSoASAFQAw%3D%3D",7574,AUD,4933,FUE,900,,,,,
SydneyHairTransplant.png,Sydney Hair Transplant,https://sydneyhairtransplant.com.au/service/fue-hair-transplant/,Yes,English,Australia,Sydney,3,5,,"https://www.google.com/maps/place/Sydney+Hair+Transplant/@-33.919906,151.031107,1683m/data=!3m1!1e3!4m6!3m5!1s0x6b12b02e0f67e129:0x14e74c82b09c4302!8m2!3d-33.9204223!4d151.0311286!16s%2Fg%2F11b66c_ztj?hl=en&entry=ttu&g_ep=EgoyMDI0MTAyMy4wIKXMDSoASAFQAw%3D%3D",8415,AUD,5480,FUE,1000,,,,,
SydneyHairTransplant.png,Sydney Hair Transplant,https://sydneyhairtransplant.com.au/service/fue-hair-transplant/,Yes,English,Australia,Sydney,3,5,,"https://www.google.com/maps/place/Sydney+Hair+Transplant/@-33.919906,151.031107,1683m/data=!3m1!1e3!4m6!3m5!1s0x6b12b02e0f67e129:0x14e74c82b09c4302!8m2!3d-33.9204223!4d151.0311286!16s%2Fg%2F11b66c_ztj?hl=en&entry=ttu&g_ep=EgoyMDI0MTAyMy4wIKXMDSoASAFQAw%3D%3D",9163,AUD,5967,FUE,1100,,,,,
SydneyHairTransplant.png,Sydney Hair Transplant,https://sydneyhairtransplant.com.au/service/fue-hair-transplant/,Yes,English,Australia,Sydney,3,5,,"https://www.google.com/maps/place/Sydney+Hair+Transplant/@-33.919906,151.031107,1683m/data=!3m1!1e3!4m6!3m5!1s0x6b12b02e0f67e129:0x14e74c82b09c4302!8m2!3d-33.9204223!4d151.0311286!16s%2Fg%2F11b66c_ztj?hl=en&entry=ttu&g_ep=EgoyMDI0MTAyMy4wIKXMDSoASAFQAw%3D%3D",9911,AUD,6455,FUE,1200,,,,,
SydneyHairTransplant.png,Sydney Hair Transplant,https://sydneyhairtransplant.com.au/service/fue-hair-transplant/,Yes,English,Australia,Sydney,3,5,,"https://www.google.com/maps/place/Sydney+Hair+Transplant/@-33.919906,151.031107,1683m/data=!3m1!1e3!4m6!3m5!1s0x6b12b02e0f67e129:0x14e74c82b09c4302!8m2!3d-33.9204223!4d151.0311286!16s%2Fg%2F11b66c_ztj?hl=en&entry=ttu&g_ep=EgoyMDI0MTAyMy4wIKXMDSoASAFQAw%3D%3D",10659,AUD,6942,FUE,1300,,,,,
SydneyHairTransplant.png,Sydney Hair Transplant,https://sydneyhairtransplant.com.au/service/fue-hair-transplant/,Yes,English,Australia,Sydney,3,5,,"https://www.google.com/maps/place/Sydney+Hair+Transplant/@-33.919906,151.031107,1683m/data=!3m1!1e3!4m6!3m5!1s0x6b12b02e0f67e129:0x14e74c82b09c4302!8m2!3d-33.9204223!4d151.0311286!16s%2Fg%2F11b66c_ztj?hl=en&entry=ttu&g_ep=EgoyMDI0MTAyMy4wIKXMDSoASAFQAw%3D%3D",11407,AUD,7429,FUE,1400,,,,,
SydneyHairTransplant.png,Sydney Hair Transplant,https://sydneyhairtransplant.com.au/service/fue-hair-transplant/,Yes,English,Australia,Sydney,3,5,,"https://www.google.com/maps/place/Sydney+Hair+Transplant/@-33.919906,151.031107,1683m/data=!3m1!1e3!4m6!3m5!1s0x6b12b02e0f67e129:0x14e74c82b09c4302!8m2!3d-33.9204223!4d151.0311286!16s%2Fg%2F11b66c_ztj?hl=en&entry=ttu&g_ep=EgoyMDI0MTAyMy4wIKXMDSoASAFQAw%3D%3D",12155,AUD,7916,FUE,1500,,,,,
SydneyHairTransplant.png,Sydney Hair Transplant,https://sydneyhairtransplant.com.au/service/fue-hair-transplant/,Yes,English,Australia,Sydney,3,5,,"https://www.google.com/maps/place/Sydney+Hair+Transplant/@-33.919906,151.031107,1683m/data=!3m1!1e3!4m6!3m5!1s0x6b12b02e0f67e129:0x14e74c82b09c4302!8m2!3d-33.9204223!4d151.0311286!16s%2Fg%2F11b66c_ztj?hl=en&entry=ttu&g_ep=EgoyMDI0MTAyMy4wIKXMDSoASAFQAw%3D%3D",12810,AUD,8343,FUE,1600,,,,,
SydneyHairTransplant.png,Sydney Hair Transplant,https://sydneyhairtransplant.com.au/service/fue-hair-transplant/,Yes,English,Australia,Sydney,3,5,,"https://www.google.com/maps/place/Sydney+Hair+Transplant/@-33.919906,151.031107,1683m/data=!3m1!1e3!4m6!3m5!1s0x6b12b02e0f67e129:0x14e74c82b09c4302!8m2!3d-33.9204223!4d151.0311286!16s%2Fg%2F11b66c_ztj?hl=en&entry=ttu&g_ep=EgoyMDI0MTAyMy4wIKXMDSoASAFQAw%3D%3D",13464,AUD,8768,FUE,1700,,,,,
SydneyHairTransplant.png,Sydney Hair Transplant,https://sydneyhairtransplant.com.au/service/fue-hair-transplant/,Yes,English,Australia,Sydney,3,5,,"https://www.google.com/maps/place/Sydney+Hair+Transplant/@-33.919906,151.031107,1683m/data=!3m1!1e3!4m6!3m5!1s0x6b12b02e0f67e129:0x14e74c82b09c4302!8m2!3d-33.9204223!4d151.0311286!16s%2Fg%2F11b66c_ztj?hl=en&entry=ttu&g_ep=EgoyMDI0MTAyMy4wIKXMDSoASAFQAw%3D%3D",14119,AUD,9195,FUE,1800,,,,,
SydneyHairTransplant.png,Sydney Hair Transplant,https://sydneyhairtransplant.com.au/service/fue-hair-transplant/,Yes,English,Australia,Sydney,3,5,,"https://www.google.com/maps/place/Sydney+Hair+Transplant/@-33.919906,151.031107,1683m/data=!3m1!1e3!4m6!3m5!1s0x6b12b02e0f67e129:0x14e74c82b09c4302!8m2!3d-33.9204223!4d151.0311286!16s%2Fg%2F11b66c_ztj?hl=en&entry=ttu&g_ep=EgoyMDI0MTAyMy4wIKXMDSoASAFQAw%3D%3D",14773,AUD,9621,FUE,1900,,,,,
SydneyHairTransplant.png,Sydney Hair Transplant,https://sydneyhairtransplant.com.au/service/fue-hair-transplant/,Yes,English,Australia,Sydney,3,5,,"https://www.google.com/maps/place/Sydney+Hair+Transplant/@-33.919906,151.031107,1683m/data=!3m1!1e3!4m6!3m5!1s0x6b12b02e0f67e129:0x14e74c82b09c4302!8m2!3d-33.9204223!4d151.0311286!16s%2Fg%2F11b66c_ztj?hl=en&entry=ttu&g_ep=EgoyMDI0MTAyMy4wIKXMDSoASAFQAw%3D%3D",15428,AUD,10048,FUE,2000,,,,,
SydneyHairTransplant.png,Sydney Hair Transplant,https://sydneyhairtransplant.com.au/service/fue-hair-transplant/,Yes,English,Australia,Sydney,3,5,,"https://www.google.com/maps/place/Sydney+Hair+Transplant/@-33.919906,151.031107,1683m/data=!3m1!1e3!4m6!3m5!1s0x6b12b02e0f67e129:0x14e74c82b09c4302!8m2!3d-33.9204223!4d151.0311286!16s%2Fg%2F11b66c_ztj?hl=en&entry=ttu&g_ep=EgoyMDI0MTAyMy4wIKXMDSoASAFQAw%3D%3D",15048,AUD,9800,FUE,2100,,,,,
SydneyHairTransplant.png,Sydney Hair Transplant,https://sydneyhairtransplant.com.au/service/fue-hair-transplant/,Yes,English,Australia,Sydney,3,5,,"https://www.google.com/maps/place/Sydney+Hair+Transplant/@-33.919906,151.031107,1683m/data=!3m1!1e3!4m6!3m5!1s0x6b12b02e0f67e129:0x14e74c82b09c4302!8m2!3d-33.9204223!4d151.0311286!16s%2Fg%2F11b66c_ztj?hl=en&entry=ttu&g_ep=EgoyMDI0MTAyMy4wIKXMDSoASAFQAw%3D%3D",15576,AUD,10144,FUE,2200,,,,,
SydneyHairTransplant.png,Sydney Hair Transplant,https://sydneyhairtransplant.com.au/service/fue-hair-transplant/,Yes,English,Australia,Sydney,3,5,,"https://www.google.com/maps/place/Sydney+Hair+Transplant/@-33.919906,151.031107,1683m/data=!3m1!1e3!4m6!3m5!1s0x6b12b02e0f67e129:0x14e74c82b09c4302!8m2!3d-33.9204223!4d151.0311286!16s%2Fg%2F11b66c_ztj?hl=en&entry=ttu&g_ep=EgoyMDI0MTAyMy4wIKXMDSoASAFQAw%3D%3D",16104,AUD,10488,FUE,2300,,,,,
SydneyHairTransplant.png,Sydney Hair Transplant,https://sydneyhairtransplant.com.au/service/fue-hair-transplant/,Yes,English,Australia,Sydney,3,5,,"https://www.google.com/maps/place/Sydney+Hair+Transplant/@-33.919906,151.031107,1683m/data=!3m1!1e3!4m6!3m5!1s0x6b12b02e0f67e129:0x14e74c82b09c4302!8m2!3d-33.9204223!4d151.0311286!16s%2Fg%2F11b66c_ztj?hl=en&entry=ttu&g_ep=EgoyMDI0MTAyMy4wIKXMDSoASAFQAw%3D%3D",16632,AUD,10832,FUE,2400,,,,,
SydneyHairTransplant.png,Sydney Hair Transplant,https://sydneyhairtransplant.com.au/service/fue-hair-transplant/,Yes,English,Australia,Sydney,3,5,,"https://www.google.com/maps/place/Sydney+Hair+Transplant/@-33.919906,151.031107,1683m/data=!3m1!1e3!4m6!3m5!1s0x6b12b02e0f67e129:0x14e74c82b09c4302!8m2!3d-33.9204223!4d151.0311286!16s%2Fg%2F11b66c_ztj?hl=en&entry=ttu&g_ep=EgoyMDI0MTAyMy4wIKXMDSoASAFQAw%3D%3D",17160,AUD,11176,FUE,2500,,,,,
SydneyHairTransplant.png,Sydney Hair Transplant,https://sydneyhairtransplant.com.au/service/fue-hair-transplant/,Yes,English,Australia,Sydney,3,5,,"https://www.google.com/maps/place/Sydney+Hair+Transplant/@-33.919906,151.031107,1683m/data=!3m1!1e3!4m6!3m5!1s0x6b12b02e0f67e129:0x14e74c82b09c4302!8m2!3d-33.9204223!4d151.0311286!16s%2Fg%2F11b66c_ztj?hl=en&entry=ttu&g_ep=EgoyMDI0MTAyMy4wIKXMDSoASAFQAw%3D%3D",17600,AUD,11462,FUE,2600,,,,,
SydneyHairTransplant.png,Sydney Hair Transplant,https://sydneyhairtransplant.com.au/service/fue-hair-transplant/,Yes,English,Australia,Sydney,3,5,,"https://www.google.com/maps/place/Sydney+Hair+Transplant/@-33.919906,151.031107,1683m/data=!3m1!1e3!4m6!3m5!1s0x6b12b02e0f67e129:0x14e74c82b09c4302!8m2!3d-33.9204223!4d151.0311286!16s%2Fg%2F11b66c_ztj?hl=en&entry=ttu&g_ep=EgoyMDI0MTAyMy4wIKXMDSoASAFQAw%3D%3D",18040,AUD,11749,FUE,2700,,,,,
SydneyHairTransplant.png,Sydney Hair Transplant,https://sydneyhairtransplant.com.au/service/fue-hair-transplant/,Yes,English,Australia,Sydney,3,5,,"https://www.google.com/maps/place/Sydney+Hair+Transplant/@-33.919906,151.031107,1683m/data=!3m1!1e3!4m6!3m5!1s0x6b12b02e0f67e129:0x14e74c82b09c4302!8m2!3d-33.9204223!4d151.0311286!16s%2Fg%2F11b66c_ztj?hl=en&entry=ttu&g_ep=EgoyMDI0MTAyMy4wIKXMDSoASAFQAw%3D%3D",18480,AUD,12035,FUE,2800,,,,,
SydneyHairTransplant.png,Sydney Hair Transplant,https://sydneyhairtransplant.com.au/service/fue-hair-transplant/,Yes,English,Australia,Sydney,3,5,,"https://www.google.com/maps/place/Sydney+Hair+Transplant/@-33.919906,151.031107,1683m/data=!3m1!1e3!4m6!3m5!1s0x6b12b02e0f67e129:0x14e74c82b09c4302!8m2!3d-33.9204223!4d151.0311286!16s%2Fg%2F11b66c_ztj?hl=en&entry=ttu&g_ep=EgoyMDI0MTAyMy4wIKXMDSoASAFQAw%3D%3D",18920,AUD,12322,FUE,2900,,,,,
SydneyHairTransplant.png,Sydney Hair Transplant,https://sydneyhairtransplant.com.au/service/fue-hair-transplant/,Yes,English,Australia,Sydney,3,5,,"https://www.google.com/maps/place/Sydney+Hair+Transplant/@-33.919906,151.031107,1683m/data=!3m1!1e3!4m6!3m5!1s0x6b12b02e0f67e129:0x14e74c82b09c4302!8m2!3d-33.9204223!4d151.0311286!16s%2Fg%2F11b66c_ztj?hl=en&entry=ttu&g_ep=EgoyMDI0MTAyMy4wIKXMDSoASAFQAw%3D%3D",19360,AUD,12608,FUE,3000,,,,,
HairTransplantMelbourne.png,Hair Transplants Melbourne,https://hairtransplantsmelbourne.com.au/lp/melbourne-hair-transplant/,Yes,English,Australia,Melbourne,4.6,5,,"https://www.google.com/maps/place/Hair+Transplants+Melbourne+-+Dr+Paul+Spano+%26+Robinson/@-37.754431,144.957787,102624m/data=!3m1!1e3!4m15!1m8!3m7!1s0x6ad65b55861c0047:0x26d09cb5ea79cf68!2s281+Moreland+Rd,+Coburg+VIC+3058,+Australia!3b1!8m2!3d-37.754431!4d144.9577869!16s%2Fg%2F11bw41d9qn!3m5!1s0x6ad65c8b2c35bb3d:0x1c092ea61433d4f1!8m2!3d-37.7546333!4d144.9575591!16s%2Fg%2F11c6lwsq_y?hl=en&entry=ttu&g_ep=EgoyMDI0MTAyMy4wIKXMDSoASAFQAw%3D%3D",5978,AUD,3893,FUE,400,Yes,,No,No,No
HairTransplantMelbourne.png,Hair Transplants Melbourne,https://hairtransplantsmelbourne.com.au/lp/melbourne-hair-transplant/,Yes,English,Australia,Melbourne,4.6,5,,"https://www.google.com/maps/place/Hair+Transplants+Melbourne+-+Dr+Paul+Spano+%26+Robinson/@-37.754431,144.957787,102624m/data=!3m1!1e3!4m15!1m8!3m7!1s0x6ad65b55861c0047:0x26d09cb5ea79cf68!2s281+Moreland+Rd,+Coburg+VIC+3058,+Australia!3b1!8m2!3d-37.754431!4d144.9577869!16s%2Fg%2F11bw41d9qn!3m5!1s0x6ad65c8b2c35bb3d:0x1c092ea61433d4f1!8m2!3d-37.7546333!4d144.9575591!16s%2Fg%2F11c6lwsq_y?hl=en&entry=ttu&g_ep=EgoyMDI0MTAyMy4wIKXMDSoASAFQAw%3D%3D",7604,AUD,4952,FUE,600,Yes,,No,No,No
HairTransplantMelbourne.png,Hair Transplants Melbourne,https://hairtransplantsmelbourne.com.au/lp/melbourne-hair-transplant/,Yes,English,Australia,Melbourne,4.6,5,,"https://www.google.com/maps/place/Hair+Transplants+Melbourne+-+Dr+Paul+Spano+%26+Robinson/@-37.754431,144.957787,102624m/data=!3m1!1e3!4m15!1m8!3m7!1s0x6ad65b55861c0047:0x26d09cb5ea79cf68!2s281+Moreland+Rd,+Coburg+VIC+3058,+Australia!3b1!8m2!3d-37.754431!4d144.9577869!16s%2Fg%2F11bw41d9qn!3m5!1s0x6ad65c8b2c35bb3d:0x1c092ea61433d4f1!8m2!3d-37.7546333!4d144.9575591!16s%2Fg%2F11c6lwsq_y?hl=en&entry=ttu&g_ep=EgoyMDI0MTAyMy4wIKXMDSoASAFQAw%3D%3D",9101,AUD,5927,FUE,800,Yes,,No,No,No
HairTransplantMelbourne.png,Hair Transplants Melbourne,https://hairtransplantsmelbourne.com.au/lp/melbourne-hair-transplant/,Yes,English,Australia,Melbourne,4.6,5,,"https://www.google.com/maps/place/Hair+Transplants+Melbourne+-+Dr+Paul+Spano+%26+Robinson/@-37.754431,144.957787,102624m/data=!3m1!1e3!4m15!1m8!3m7!1s0x6ad65b55861c0047:0x26d09cb5ea79cf68!2s281+Moreland+Rd,+Coburg+VIC+3058,+Australia!3b1!8m2!3d-37.754431!4d144.9577869!16s%2Fg%2F11bw41d9qn!3m5!1s0x6ad65c8b2c35bb3d:0x1c092ea61433d4f1!8m2!3d-37.7546333!4d144.9575591!16s%2Fg%2F11c6lwsq_y?hl=en&entry=ttu&g_ep=EgoyMDI0MTAyMy4wIKXMDSoASAFQAw%3D%3D",10600,AUD,6903,FUE,1000,Yes,,No,No,No
HairTransplantMelbourne.png,Hair Transplants Melbourne,https://hairtransplantsmelbourne.com.au/lp/melbourne-hair-transplant/,Yes,English,Australia,Melbourne,4.6,5,,"https://www.google.com/maps/place/Hair+Transplants+Melbourne+-+Dr+Paul+Spano+%26+Robinson/@-37.754431,144.957787,102624m/data=!3m1!1e3!4m15!1m8!3m7!1s0x6ad65b55861c0047:0x26d09cb5ea79cf68!2s281+Moreland+Rd,+Coburg+VIC+3058,+Australia!3b1!8m2!3d-37.754431!4d144.9577869!16s%2Fg%2F11bw41d9qn!3m5!1s0x6ad65c8b2c35bb3d:0x1c092ea61433d4f1!8m2!3d-37.7546333!4d144.9575591!16s%2Fg%2F11c6lwsq_y?hl=en&entry=ttu&g_ep=EgoyMDI0MTAyMy4wIKXMDSoASAFQAw%3D%3D",11791,AUD,7679,FUE,1200,Yes,,No,No,No
HairTransplantMelbourne.png,Hair Transplants Melbourne,https://hairtransplantsmelbourne.com.au/lp/melbourne-hair-transplant/,Yes,English,Australia,Melbourne,4.6,5,,"https://www.google.com/maps/place/Hair+Transplants+Melbourne+-+Dr+Paul+Spano+%26+Robinson/@-37.754431,144.957787,102624m/data=!3m1!1e3!4m15!1m8!3m7!1s0x6ad65b55861c0047:0x26d09cb5ea79cf68!2s281+Moreland+Rd,+Coburg+VIC+3058,+Australia!3b1!8m2!3d-37.754431!4d144.9577869!16s%2Fg%2F11bw41d9qn!3m5!1s0x6ad65c8b2c35bb3d:0x1c092ea61433d4f1!8m2!3d-37.7546333!4d144.9575591!16s%2Fg%2F11c6lwsq_y?hl=en&entry=ttu&g_ep=EgoyMDI0MTAyMy4wIKXMDSoASAFQAw%3D%3D",13098,AUD,8530,FUE,1400,Yes,,No,No,No
HairTransplantMelbourne.png,Hair Transplants Melbourne,https://hairtransplantsmelbourne.com.au/lp/melbourne-hair-transplant/,Yes,English,Australia,Melbourne,4.6,5,,"https://www.google.com/maps/place/Hair+Transplants+Melbourne+-+Dr+Paul+Spano+%26+Robinson/@-37.754431,144.957787,102624m/data=!3m1!1e3!4m15!1m8!3m7!1s0x6ad65b55861c0047:0x26d09cb5ea79cf68!2s281+Moreland+Rd,+Coburg+VIC+3058,+Australia!3b1!8m2!3d-37.754431!4d144.9577869!16s%2Fg%2F11bw41d9qn!3m5!1s0x6ad65c8b2c35bb3d:0x1c092ea61433d4f1!8m2!3d-37.7546333!4d144.9575591!16s%2Fg%2F11c6lwsq_y?hl=en&entry=ttu&g_ep=EgoyMDI0MTAyMy4wIKXMDSoASAFQAw%3D%3D",14348,AUD,9344,FUE,1600,Yes,,No,No,No
HairTransplantMelbourne.png,Hair Transplants Melbourne,https://hairtransplantsmelbourne.com.au/lp/melbourne-hair-transplant/,Yes,English,Australia,Melbourne,4.6,5,,"https://www.google.com/maps/place/Hair+Transplants+Melbourne+-+Dr+Paul+Spano+%26+Robinson/@-37.754431,144.957787,102624m/data=!3m1!1e3!4m15!1m8!3m7!1s0x6ad65b55861c0047:0x26d09cb5ea79cf68!2s281+Moreland+Rd,+Coburg+VIC+3058,+Australia!3b1!8m2!3d-37.754431!4d144.9577869!16s%2Fg%2F11bw41d9qn!3m5!1s0x6ad65c8b2c35bb3d:0x1c092ea61433d4f1!8m2!3d-37.7546333!4d144.9575591!16s%2Fg%2F11c6lwsq_y?hl=en&entry=ttu&g_ep=EgoyMDI0MTAyMy4wIKXMDSoASAFQAw%3D%3D",15596,AUD,10157,FUE,1800,Yes,,No,No,No
HairTransplantMelbourne.png,Hair Transplants Melbourne,https://hairtransplantsmelbourne.com.au/lp/melbourne-hair-transplant/,Yes,English,Australia,Melbourne,4.6,5,,"https://www.google.com/maps/place/Hair+Transplants+Melbourne+-+Dr+Paul+Spano+%26+Robinson/@-37.754431,144.957787,102624m/data=!3m1!1e3!4m15!1m8!3m7!1s0x6ad65b55861c0047:0x26d09cb5ea79cf68!2s281+Moreland+Rd,+Coburg+VIC+3058,+Australia!3b1!8m2!3d-37.754431!4d144.9577869!16s%2Fg%2F11bw41d9qn!3m5!1s0x6ad65c8b2c35bb3d:0x1c092ea61433d4f1!8m2!3d-37.7546333!4d144.9575591!16s%2Fg%2F11c6lwsq_y?hl=en&entry=ttu&g_ep=EgoyMDI0MTAyMy4wIKXMDSoASAFQAw%3D%3D",16846,AUD,10971,FUE,2000,Yes,,No,No,No
HairTransplantMelbourne.png,Hair Transplants Melbourne,https://hairtransplantsmelbourne.com.au/lp/melbourne-hair-transplant/,Yes,English,Australia,Melbourne,4.6,5,,"https://www.google.com/maps/place/Hair+Transplants+Melbourne+-+Dr+Paul+Spano+%26+Robinson/@-37.754431,144.957787,102624m/data=!3m1!1e3!4m15!1m8!3m7!1s0x6ad65b55861c0047:0x26d09cb5ea79cf68!2s281+Moreland+Rd,+Coburg+VIC+3058,+Australia!3b1!8m2!3d-37.754431!4d144.9577869!16s%2Fg%2F11bw41d9qn!3m5!1s0x6ad65c8b2c35bb3d:0x1c092ea61433d4f1!8m2!3d-37.7546333!4d144.9575591!16s%2Fg%2F11c6lwsq_y?hl=en&entry=ttu&g_ep=EgoyMDI0MTAyMy4wIKXMDSoASAFQAw%3D%3D",17854,AUD,11628,FUE,2200,Yes,,No,No,No
HairTransplantMelbourne.png,Hair Transplants Melbourne,https://hairtransplantsmelbourne.com.au/lp/melbourne-hair-transplant/,Yes,English,Australia,Melbourne,4.6,5,,"https://www.google.com/maps/place/Hair+Transplants+Melbourne+-+Dr+Paul+Spano+%26+Robinson/@-37.754431,144.957787,102624m/data=!3m1!1e3!4m15!1m8!3m7!1s0x6ad65b55861c0047:0x26d09cb5ea79cf68!2s281+Moreland+Rd,+Coburg+VIC+3058,+Australia!3b1!8m2!3d-37.754431!4d144.9577869!16s%2Fg%2F11bw41d9qn!3m5!1s0x6ad65c8b2c35bb3d:0x1c092ea61433d4f1!8m2!3d-37.7546333!4d144.9575591!16s%2Fg%2F11c6lwsq_y?hl=en&entry=ttu&g_ep=EgoyMDI0MTAyMy4wIKXMDSoASAFQAw%3D%3D",18844,AUD,12272,FUE,2400,Yes,,No,No,No
HairTransplantMelbourne.png,Hair Transplants Melbourne,https://hairtransplantsmelbourne.com.au/lp/melbourne-hair-transplant/,Yes,English,Australia,Melbourne,4.6,5,,"https://www.google.com/maps/place/Hair+Transplants+Melbourne+-+Dr+Paul+Spano+%26+Robinson/@-37.754431,144.957787,102624m/data=!3m1!1e3!4m15!1m8!3m7!1s0x6ad65b55861c0047:0x26d09cb5ea79cf68!2s281+Moreland+Rd,+Coburg+VIC+3058,+Australia!3b1!8m2!3d-37.754431!4d144.9577869!16s%2Fg%2F11bw41d9qn!3m5!1s0x6ad65c8b2c35bb3d:0x1c092ea61433d4f1!8m2!3d-37.7546333!4d144.9575591!16s%2Fg%2F11c6lwsq_y?hl=en&entry=ttu&g_ep=EgoyMDI0MTAyMy4wIKXMDSoASAFQAw%3D%3D",19720,AUD,12843,FUE,2600,Yes,,No,No,No
HairTransplantMelbourne.png,Hair Transplants Melbourne,https://hairtransplantsmelbourne.com.au/lp/melbourne-hair-transplant/,Yes,English,Australia,Melbourne,4.6,5,,"https://www.google.com/maps/place/Hair+Transplants+Melbourne+-+Dr+Paul+Spano+%26+Robinson/@-37.754431,144.957787,102624m/data=!3m1!1e3!4m15!1m8!3m7!1s0x6ad65b55861c0047:0x26d09cb5ea79cf68!2s281+Moreland+Rd,+Coburg+VIC+3058,+Australia!3b1!8m2!3d-37.754431!4d144.9577869!16s%2Fg%2F11bw41d9qn!3m5!1s0x6ad65c8b2c35bb3d:0x1c092ea61433d4f1!8m2!3d-37.7546333!4d144.9575591!16s%2Fg%2F11c6lwsq_y?hl=en&entry=ttu&g_ep=EgoyMDI0MTAyMy4wIKXMDSoASAFQAw%3D%3D",20468,AUD,13330,FUE,2800,Yes,,No,No,No
HairTransplantMelbourne.png,Hair Transplants Melbourne,https://hairtransplantsmelbourne.com.au/lp/melbourne-hair-transplant/,Yes,English,Australia,Melbourne,4.6,5,,"https://www.google.com/maps/place/Hair+Transplants+Melbourne+-+Dr+Paul+Spano+%26+Robinson/@-37.754431,144.957787,102624m/data=!3m1!1e3!4m15!1m8!3m7!1s0x6ad65b55861c0047:0x26d09cb5ea79cf68!2s281+Moreland+Rd,+Coburg+VIC+3058,+Australia!3b1!8m2!3d-37.754431!4d144.9577869!16s%2Fg%2F11bw41d9qn!3m5!1s0x6ad65c8b2c35bb3d:0x1c092ea61433d4f1!8m2!3d-37.7546333!4d144.9575591!16s%2Fg%2F11c6lwsq_y?hl=en&entry=ttu&g_ep=EgoyMDI0MTAyMy4wIKXMDSoASAFQAw%3D%3D",21218,AUD,13818,FUE,3000,Yes,,No,No,No
HairTransplantMelbourne.png,Hair Transplants Melbourne,https://hairtransplantsmelbourne.com.au/lp/melbourne-hair-transplant/,Yes,English,Australia,Melbourne,4.6,5,,"https://www.google.com/maps/place/Hair+Transplants+Melbourne+-+Dr+Paul+Spano+%26+Robinson/@-37.754431,144.957787,102624m/data=!3m1!1e3!4m15!1m8!3m7!1s0x6ad65b55861c0047:0x26d09cb5ea79cf68!2s281+Moreland+Rd,+Coburg+VIC+3058,+Australia!3b1!8m2!3d-37.754431!4d144.9577869!16s%2Fg%2F11bw41d9qn!3m5!1s0x6ad65c8b2c35bb3d:0x1c092ea61433d4f1!8m2!3d-37.7546333!4d144.9575591!16s%2Fg%2F11c6lwsq_y?hl=en&entry=ttu&g_ep=EgoyMDI0MTAyMy4wIKXMDSoASAFQAw%3D%3D",21786,AUD,14188,FUE,3200,Yes,,No,No,No
HairTransplantMelbourne.png,Hair Transplants Melbourne,https://hairtransplantsmelbourne.com.au/lp/melbourne-hair-transplant/,Yes,English,Australia,Melbourne,4.6,5,,"https://www.google.com/maps/place/Hair+Transplants+Melbourne+-+Dr+Paul+Spano+%26+Robinson/@-37.754431,144.957787,102624m/data=!3m1!1e3!4m15!1m8!3m7!1s0x6ad65b55861c0047:0x26d09cb5ea79cf68!2s281+Moreland+Rd,+Coburg+VIC+3058,+Australia!3b1!8m2!3d-37.754431!4d144.9577869!16s%2Fg%2F11bw41d9qn!3m5!1s0x6ad65c8b2c35bb3d:0x1c092ea61433d4f1!8m2!3d-37.7546333!4d144.9575591!16s%2Fg%2F11c6lwsq_y?hl=en&entry=ttu&g_ep=EgoyMDI0MTAyMy4wIKXMDSoASAFQAw%3D%3D",22354,AUD,14558,FUE,3400,Yes,,No,No,No
HairTransplantMelbourne.png,Hair Transplants Melbourne,https://hairtransplantsmelbourne.com.au/lp/melbourne-hair-transplant/,Yes,English,Australia,Melbourne,4.6,5,,"https://www.google.com/maps/place/Hair+Transplants+Melbourne+-+Dr+Paul+Spano+%26+Robinson/@-37.754431,144.957787,102624m/data=!3m1!1e3!4m15!1m8!3m7!1s0x6ad65b55861c0047:0x26d09cb5ea79cf68!2s281+Moreland+Rd,+Coburg+VIC+3058,+Australia!3b1!8m2!3d-37.754431!4d144.9577869!16s%2Fg%2F11bw41d9qn!3m5!1s0x6ad65c8b2c35bb3d:0x1c092ea61433d4f1!8m2!3d-37.7546333!4d144.9575591!16s%2Fg%2F11c6lwsq_y?hl=en&entry=ttu&g_ep=EgoyMDI0MTAyMy4wIKXMDSoASAFQAw%3D%3D",22921,AUD,14927,FUE,3600,Yes,,No,No,No
HairTransplantMelbourne.png,Hair Transplants Melbourne,https://hairtransplantsmelbourne.com.au/lp/melbourne-hair-transplant/,Yes,English,Australia,Melbourne,4.6,5,,"https://www.google.com/maps/place/Hair+Transplants+Melbourne+-+Dr+Paul+Spano+%26+Robinson/@-37.754431,144.957787,102624m/data=!3m1!1e3!4m15!1m8!3m7!1s0x6ad65b55861c0047:0x26d09cb5ea79cf68!2s281+Moreland+Rd,+Coburg+VIC+3058,+Australia!3b1!8m2!3d-37.754431!4d144.9577869!16s%2Fg%2F11bw41d9qn!3m5!1s0x6ad65c8b2c35bb3d:0x1c092ea61433d4f1!8m2!3d-37.7546333!4d144.9575591!16s%2Fg%2F11c6lwsq_y?hl=en&entry=ttu&g_ep=EgoyMDI0MTAyMy4wIKXMDSoASAFQAw%3D%3D",23489,AUD,15297,FUE,3800,Yes,,No,No,No
AshleyandMartin.png,Ashley and Martin Auckland,https://ashleyandmartin.co.nz/,Yes,English,"Auckland, Christchurch, Hamilton, Wellington",New Zeeland,4.5,5,,"https://www.google.com/maps/place/Ashley+and+Martin/@-36.8664362,174.7745376,811m/data=!3m2!1e3!4b1!4m6!3m5!1s0x6d0d47fbb3818bff:0x79777812d8613572!8m2!3d-36.8664362!4d174.7771125!16s%2Fg%2F1wn33vvq?entry=ttu&g_ep=EgoyMDI0MTAyOS4wIKXMDSoASAFQAw%3D%3D",12000,NZD,7079,FUE,1500,,,,,
AshleyandMartin.png,Ashley and Martin Auckland,https://ashleyandmartin.co.nz/,Yes,English,"Auckland, Christchurch, Hamilton, Wellington",New Zeeland,4.5,5,,"https://www.google.com/maps/place/Ashley+and+Martin/@-36.8664362,174.7745376,811m/data=!3m2!1e3!4b1!4m6!3m5!1s0x6d0d47fbb3818bff:0x79777812d8613572!8m2!3d-36.8664362!4d174.7771125!16s%2Fg%2F1wn33vvq?entry=ttu&g_ep=EgoyMDI0MTAyOS4wIKXMDSoASAFQAw%3D%3D",15500,NZD,9143,FUE,2500,,,,,
KnudsenClinic.png,The Knudsen Clinic,https://knudsen.co.nz/contact-locations/,Yes,English,Auckland,New Zeeland,3,5,,"https://www.google.com/maps/place/The+Knudsen+Clinic+%7C+Auckland/@-36.8645792,174.7744573,811m/data=!3m2!1e3!4b1!4m6!3m5!1s0x6d0d3bcc0b30ee61:0x9a8df9b4b50ed86a!8m2!3d-36.8645792!4d174.7770322!16s%2Fg%2F1tdp56w6?entry=ttu&g_ep=EgoyMDI0MTAyOS4wIKXMDSoASAFQAw%3D%3D",13000,NZD,7668,FUE,1500,,,,,
KnudsenClinic.png,The Knudsen Clinic,https://knudsen.co.nz/contact-locations/,Yes,English,Auckland,New Zeeland,3,5,,"https://www.google.com/maps/place/The+Knudsen+Clinic+%7C+Auckland/@-36.8645792,174.7744573,811m/data=!3m2!1e3!4b1!4m6!3m5!1s0x6d0d3bcc0b30ee61:0x9a8df9b4b50ed86a!8m2!3d-36.8645792!4d174.7770322!16s%2Fg%2F1tdp56w6?entry=ttu&g_ep=EgoyMDI0MTAyOS4wIKXMDSoASAFQAw%3D%3D",20000,NZD,11798,FUE,2500,,,,,
GroClinics.png,New Zealand Hair Transplantation Institute,https://groclinics.co.nz/pages/get-in-touch,Yes,English,Auckland,New Zeeland,5,5,,"https://www.google.com/maps/place/Gro+Clinics+%7C+Hair+Transplant+%26+Hair+Loss+Treatment+Auckland/@-36.8647819,174.7725271,811m/data=!3m2!1e3!4b1!4m6!3m5!1s0x6d0d4750a79099f9:0x2e01000d2e0b085!8m2!3d-36.8647819!4d174.775102!16s%2Fg%2F11hdnjsfhm?entry=ttu&g_ep=EgoyMDI0MTAyOS4wIKXMDSoASAFQAw%3D%3D",12500,NZD,7374,FUE,1500,,,,,
GroClinics.png,New Zealand Hair Transplantation Institute,https://groclinics.co.nz/pages/get-in-touch,Yes,English,Auckland,New Zeeland,5,5,,"https://www.google.com/maps/place/Gro+Clinics+%7C+Hair+Transplant+%26+Hair+Loss+Treatment+Auckland/@-36.8647819,174.7725271,811m/data=!3m2!1e3!4b1!4m6!3m5!1s0x6d0d4750a79099f9:0x2e01000d2e0b085!8m2!3d-36.8647819!4d174.775102!16s%2Fg%2F11hdnjsfhm?entry=ttu&g_ep=EgoyMDI0MTAyOS4wIKXMDSoASAFQAw%3D%3D",17500,NZD,10323,FUE,2500,,,,,
AdvancedHairStudio.png,Advanced Hair Studio,https://www.advancedhair.co.nz/,Yes,English,Auckland,New Zeeland,3.3,5,,"https://www.google.com/maps/place/Advanced+Hair+Studio/@-36.8625303,174.7577122,811m/data=!3m2!1e3!4b1!4m6!3m5!1s0x6d0d47c2f8593853:0x3fe91af414f4c851!8m2!3d-36.8625303!4d174.7602871!16s%2Fg%2F1tdkgv71?entry=ttu&g_ep=EgoyMDI0MTAyOS4wIKXMDSoASAFQAw%3D%3D",9990,NZD,5893,FUE,1500,,,,,
AdvancedHairStudio.png,Advanced Hair Studio,https://www.advancedhair.co.nz/,Yes,English,Auckland,New Zeeland,3.3,5,,"https://www.google.com/maps/place/Advanced+Hair+Studio/@-36.8625303,174.7577122,811m/data=!3m2!1e3!4b1!4m6!3m5!1s0x6d0d47c2f8593853:0x3fe91af414f4c851!8m2!3d-36.8625303!4d174.7602871!16s%2Fg%2F1tdkgv71?entry=ttu&g_ep=EgoyMDI0MTAyOS4wIKXMDSoASAFQAw%3D%3D",12990,NZD,7663,FUE,2500,,,,,
02Clinic.png,o2 Clinic,https://o2.clinic/en/hair-surgery/get-a-quote,Yes,"English, Dutch",Antwerpen,Belgie,4.6,5,,"https://www.google.com/maps/place/o2+Clinic/@51.1784307,4.4274138,636m/data=!3m2!1e3!4b1!4m6!3m5!1s0x47c3f0cb5d026f57:0x7ad4cf28604855b!8m2!3d51.1784307!4d4.4299887!16s%2Fg%2F11b86h4hyr?entry=ttu&g_ep=EgoyMDI0MTAyOS4wIKXMDSoASAFQAw%3D%3D",3250,EUR,3442,FUE,< 1500,,,,,
02Clinic.png,o2 Clinic,https://o2.clinic/en/hair-surgery/get-a-quote,Yes,"English, Dutch",Antwerpen,Belgie,4.6,5,,"https://www.google.com/maps/place/o2+Clinic/@51.1784307,4.4274138,636m/data=!3m2!1e3!4b1!4m6!3m5!1s0x47c3f0cb5d026f57:0x7ad4cf28604855b!8m2!3d51.1784307!4d4.4299887!16s%2Fg%2F11b86h4hyr?entry=ttu&g_ep=EgoyMDI0MTAyOS4wIKXMDSoASAFQAw%3D%3D",4350,EUR,4606,FUE,1500 - 3000,,,,,
02Clinic.png,o2 Clinic,https://o2.clinic/en/hair-surgery/get-a-quote,Yes,"English, Dutch",Antwerpen,Belgie,4.6,5,,"https://www.google.com/maps/place/o2+Clinic/@51.1784307,4.4274138,636m/data=!3m2!1e3!4b1!4m6!3m5!1s0x47c3f0cb5d026f57:0x7ad4cf28604855b!8m2!3d51.1784307!4d4.4299887!16s%2Fg%2F11b86h4hyr?entry=ttu&g_ep=EgoyMDI0MTAyOS4wIKXMDSoASAFQAw%3D%3D",5450,EUR,5771,FUE,3000 - 4500,,,,,
WelnessKliniekBelgie.png,Wellness Kliniek,https://axenda.wellnesskliniek.com/en/reservation/identify,Yes,"English, Dutch",Genk,Belgie,4.9,5,,https://www.wellnesskliniek.com/en/reviews,,,,,,,,,,
WelnessKliniekBelgie.png,Wellness Kliniek,https://axenda.wellnesskliniek.com/en/reservation/identify,Yes,"English, Dutch",Genk,Belgie,4.9,5,,https://www.wellnesskliniek.com/en/reviews,,,,,,,,,,